{"fitness": 65.41, "name": "Nathan 232421BAT", "genes": [-10.844050126581545, 14.378499677625035, -0.8951887306522553, -11.089397508862703, 15.001733857398534, 9.034808583529976, -0.9068189660158312, -12.262681605559612, 20.575962580079434, -19.770872714668855, -19.201310646618925, -11.003397029254618, -4.454102481745483, -11.68558083237157, 4.868017266853611, 14.693497640887529, 10.303707747836189, 3.7547296068005953, -4.135740199062866, -5.638296240391705, 12.782865131698717, 1.1257406664068546, 2.282880272989812, 7.614028381720519, -12.918612808876889, -0.5898716800919709, 20.399320503876947, -0.2970483085849747, 8.948838343475147, -3.744460525661608, 5.475962323419071, 12.029288550306408, 5.08521210632735, 11.493940503361582, -3.013514869028812, -12.155120011301863, -9.769307297766334, 7.905087249910947, 4.300150358439855, -5.133248169396035, 16.564623215760488, 4.00330461035761, 8.510834662939876, -0.9962624668928404, -8.81179755355558, -16.692133038948416, 7.396694968517114, -3.781870916336949, 9.894011472985204, 8.878406610501054, 10.530507425101655, 0.4647905868433105, 15.767802228547197, 11.247018897162855, 1.2033376336046329, 13.142411099963525, -7.398284034737038, 8.230892636235009, -5.594539213431309, -10.557698045552177, 6.358289760600085, -14.81149809391833, -5.327421823271991, 4.132894737728549, 4.161462506241274, -9.293297733008362, -1.9613277775268285, -8.61512676746271, -3.6737081680537997, 7.160115585343902, 9.287124832272747, -2.2199564942232635, -2.0567488440931823, -1.1441679824373994, -2.1073149829324445, -2.1669500848139656, -0.7684308914419365, -3.3452899216871743, 11.589276099777248, 4.704441750478706, 1.2500725891838966, -8.567886727487002, 8.505426560866047, -19.868127914942384, -11.191150496448898, 8.2637726255762, 4.991964807960726, -3.157017695833624, -24.57056426756696, -0.28295088761600157, 15.320086321816836, 10.529808563396724, 4.248591448278285, -3.8698049229464164, -8.511978839432812, 1.290202680272647, -3.528454875915632, -6.736352185897983, 4.8398490704641945, 5.964795377859961, -29.933249459635128, 0.5296480186591842, -9.86075483999046, -10.026983765996647, -0.7039184242642472, 10.102997244239932, -4.5840378428360475, 9.449516881769199, 1.0167064675628714, 3.3012600683017532, -11.598763767198394, 0.8068941483257751, -7.243509281035882, -10.319823360766067, -13.278356763981785, 1.1113992178842658, 0.2951703422328712, -3.7550839198689134, 0.12215003189843288, 8.337337143657859, -0.6143097496148016, -14.899532557186244, 11.290929842919905, -1.694638314103987, -2.9638107240061977, 5.229907100311171, 3.117095245150965, -1.603416142747658, -7.779935203509259, -14.480067250933697, 13.01948413960748, 3.87693940586582, 4.793663221436264, -14.67617955200144, -4.106914509694795, 10.354940342832206, -8.66046210381071, -4.908003078680127, -1.8426039563425627, -3.2813644878297463, -15.55923012535673, -3.635165569772865, -1.8022131099495682, 16.639204995066606, -9.558848400646093, 5.789086601762683, -0.25022442866928696, 7.85835812117094, 9.462639197117312, -13.27038839548457, 12.19400735039129, -12.742905326223541, 8.46777931242744, 3.221433083877338, 1.7619418054912226, 11.854216410905725, -5.801315759297543, -1.1105935604160504, -2.3062401879135472, -15.821961949864646, 25.314733530700483, -14.445901993756722, -4.780307302818716, -1.127304925643366, -1.2966429952741967, -13.135901462795227, 9.017357140227979, -18.105367355063724, -2.5492696287823104, 2.0372971730721705, 3.485916904116211, 5.938571884533878, 3.1236932040634717, 6.248617434761976, 7.736658854672034, -10.935168674884261, -1.5790382211715401, -2.4277773740446578, 3.173021387219986, 2.6895145727837404, 5.153046716053782, 10.218936019670414, 10.523707005340388, 6.807904999962284, 1.6023263435092732, 9.822916391193024, 11.311601894169103, 4.442314266886013, 9.007358674671861, -8.231926750105309, 0.06608539387070947, 2.296034614081623, -1.2012969795880912, 0.5820894411640924, 16.190996454569117, 24.241108909755738, 16.89194979015673, 1.578646152432387, -6.553602150260161, -11.015224383937793, 3.5813813693194345, 9.920804751513092, -1.5016809433462257, 6.041287377101048, -0.9721379733952908, -3.167061394071564, -4.7931588807759695, -21.5864103618858, 14.25841640092558, -12.371612762520346, 7.983063877471015, 10.536259318415548, 6.943503350995607, 10.68760614971285, -7.7436209833508585, -4.574601144232894, 1.7929912156935246, -0.15436918348838438, -7.975075090814775, 2.7270671161173783, 12.99382615479245, -10.703892406118204, -6.606137626471101, -18.794790205283565, -18.038305222806965, -3.871671744890512, 4.0845073478955625, -10.070840518961893, 8.284662280609965, -5.4606225529959875, -9.76127913580058, -3.7593770400852367, -17.499129350879908, 3.715043388701964, -5.383032460911779, -0.8694226309494278, 11.222719881910557, 9.360078152472317, -2.179756017444119, -1.912494222841937, -2.8545291094858793, -4.827965740151002, 1.3475693982528112, 8.347692492026182, 7.468506947145404, -10.522532425117085, -20.896281872268617, -8.455562166394321, 3.9898812291838444, -2.5170749624935294, -6.493107172165634, 7.054043231887467, -20.954524335902228, -1.768080708056422, -7.65716835662239, -4.744950305321463, 5.785827228746765, -3.036949826110163, -11.561457199077454, 10.447388358869775, -11.000394677440346, -2.5446175180609125, 0.6584812657438326, 4.389718994637813, 2.871411508058008, 9.298449760717299, -11.860050240349471, 0.5295187161350632, 1.1588399498757207, 0.8847482594581064, 10.851571823312081, 14.538866333110533, -12.06233436954065, 11.332169411035226, -3.9156283367136258, -6.4595563203322435, 9.224204657625089, -4.698172740647973, 12.33788740720841, -6.0980768153447205, -23.119209447969588, -0.26129399803161585, 3.6723389057477025, -17.08367279950995, -11.159673592706406, 3.9373627292182762, -19.875833896723, 10.968957547127328, -3.595806889932095, 0.8905561653451786, -3.6426406934870004, -6.686466444235679, -5.723995573788424, 1.1350465816009065, -3.7236348418632406, -2.773281791656774, 5.548557146681656, -11.553324908153696, -0.019125034333801624, -16.209799643328587, 6.107173899308048, 30.902194490877022, -0.7376887001883179, -9.900573377549357, -3.3852793926982727, -13.28192454125423, 5.7122643626882414, 3.6551677906210576, 5.328165866816727, 8.017468604267515, 17.772725028227967, 13.075999552831329, 3.0323353234476613, -2.1249141266274743, 1.207923366939383, 14.618032199744501, 17.4986384235409, -6.215663700005442, -12.226588279860632, 1.1556823050242058, -9.099265974413314, 7.869570261547496, 4.763320259906844, 3.4911329961962805, 13.35926599066545, -0.882318858882461, 7.059021207686408, 0.1914002669172682, 19.47370798018205, -7.439115039974459, -3.982881803293672, -8.294780662470284, 15.063723241028551, 12.804297168741304, -17.32282063750113, -5.947226878263274, -1.5798774156430726, 9.787579636212733, -1.522876760669941, -2.6715909308034353, -4.018203811316245, -8.91251248503425, -3.9777538607481624, -11.083690367138297, 0.1726496473466964, 13.934714895113805, 23.319499436933597, 6.326696404425383, -1.1941625193881673, -7.998302634586419, -7.072191058006373, -1.2874969254996163, -0.46721550979123394, 17.021359267678545, -0.3581723307440683, -3.6561509632956724, 10.752482679509367, -7.510215738267825, 19.18759957412511, -3.232188750754098, 7.215543006387047, -20.880863592907524, -7.598824225176628, 18.337792385288463, -8.032956642294208, 25.11691212276464, 9.469094979425183, 2.07792916834829, -6.887966962005541, -3.7744903716208293, -4.537794662473135, 12.900272768024966, 5.863842988306244, -12.426778903951238, 8.172476581459271, 19.108742395710692, 3.5328457183756288, 4.570370101637071, 10.052582675600993, -1.2579596570094247, 31.943828778486132, 16.42071536692972, -7.4865426852532595, -4.247423220609413, 14.929497032167395, -12.089548760691532, -9.376175085841815, 9.233718332235226, 8.345537701910503, -7.1004125477401, -9.009939623205934, -15.913574067419656, -18.105504221537522, 5.607351358114798, 0.304789968909085, -8.816613595017525, -2.1532381671877117, 