{"fitness": 64.95, "name": "Nathan 208745BAT", "genes": [-11.30074155320634, 11.56550828655005, -0.9636578374103018, -10.469127989921141, 12.406632309289995, 7.20939873113199, -0.497280665252121, -11.768296008960958, 19.857172359585576, -19.382646129845003, -17.341014387222987, -10.416935049327959, -3.9953266567244627, -10.181805434583596, 6.2534006349429925, 14.477166753511176, 11.531386664129936, 2.8306586482345946, -5.250443490581879, -7.152185856930463, 13.355322389783726, 2.9818614532502234, 4.216209990808537, 5.822916885970645, -12.284083420627086, 0.9354561438228868, 19.318062387452684, -0.16686212243307835, 8.026776349288294, -5.267422074787819, 7.497453717145781, 12.954994300300239, 5.547984252372737, 11.307616270318265, 0.5460606368268955, -11.23388537203597, -10.355377456110435, 8.251751935739302, 4.406580919460456, -3.802514264022643, 14.241010376321293, 3.4760663680435058, 6.7247980600539945, -2.2073470102263593, -9.632876248730906, -18.48721021224321, 5.1629335595282475, -2.901921683182726, 10.974391393172699, 10.212262255941633, 10.71396928483399, -0.1096997227564464, 14.66711810794767, 9.845882183798585, -0.8481148707054911, 10.09608962366538, -4.1334919195682085, 7.62270422659504, -3.438943254164432, -8.485922436786623, 6.117385507478019, -11.259355178724661, -6.063133185938297, 5.116301295791047, 4.6694412907056355, -6.951290805088943, -2.095867725226915, -6.029070929354111, -6.829824818300099, 7.643207943595858, 8.81160566582222, -3.1040859809182164, -2.1527319559468907, -1.4011995553914454, -1.4488043207637233, -3.3698540251153872, -2.4316566195638707, -3.025029857919143, 11.005880537337069, 2.459868783246636, 0.03298933920519492, -9.130393407908752, 9.683713322950318, -16.95203675036997, -11.70271389742042, 6.796681833230771, 3.8534063538010166, -4.583636523817448, -22.440472774847123, -1.8144092336709543, 16.44991290929393, 9.109664384932309, 5.284017246417678, -3.48982552585916, -9.817765762481274, 2.205570813720585, -3.6418809539240207, -4.326098745459057, 2.903802595159669, 8.135465559089996, -30.060277511256416, -1.3305438438736514, -8.095385750015284, -8.861061396069129, -1.5977845550100904, 9.0998553506921, -5.805360181411395, 12.845039275403929, 2.007417196952739, 4.059668703642054, -11.11588461740476, 1.8544933622033346, -7.440467546256823, -10.660727483310977, -13.9476080580435, -0.32837621440346904, 0.6239990909169914, -2.1564179913899566, 0.28972766440809855, 9.077446935930864, -0.3759316438370438, -13.324258921609818, 9.232919205732038, 0.4341735664666409, -3.130554868916927, 5.291325394526839, 3.8362998675626745, -2.04373955045478, -6.835436309329999, -14.584250985743003, 10.982897359994, 5.559119562459446, 2.883994990060881, -15.299807150825275, -3.4349137284311753, 10.58663350996275, -8.24050062635128, -6.068893274425934, -2.1665899477269455, -2.3003095594932805, -15.156737293925985, -5.296900651038797, -2.450196542596751, 16.166659507407022, -7.840301290736559, 3.701568265228093, 1.7054600711329924, 8.57921817284397, 11.011906049442862, -11.800983255631499, 13.300877794431996, -12.278406492315204, 8.505679327164634, 3.9971211370417987, 4.260976505519321, 11.179317105568943, -7.6275990228365576, -3.590449019116098, -1.929877429154103, -13.564955180869392, 26.93536648711218, -13.30091413856167, -4.104598449342125, -2.9248779479141276, -0.7266735934138541, -12.614667767293103, 11.159669837292073, -17.072641775645174, -2.4649221681436746, 2.7818117049307314, 0.877132367172537, 4.953437132202421, 3.5180968019647594, 6.297113332982287, 7.387065021689915, -9.267151062183569, -1.3797405332383266, -2.126503183395944, 3.97835331865076, 0.9484628556603464, 4.686352084712592, 8.787680595556717, 9.412492606560503, 5.428122745052991, 2.0559383816484176, 7.322484778584968, 13.049776806984415, 4.277100626675936, 8.948076828447679, -7.901421344631422, 0.6433651476577144, 1.4836855865139988, 0.7494886069411074, -0.21245049242432373, 16.054876978197672, 24.924942219902317, 13.893785347693722, 3.5108454507044664, -6.902409714324707, -10.937771457165148, 2.7235258816991483, 9.060623792268977, -3.8389357614823147, 6.195515850550714, -2.9878966131103426, -4.6468762729328965, -3.431956378854696, -22.10647216959629, 11.012816870464015, -12.09423201431112, 8.630000546970908, 10.002679882771783, 5.49124898066471, 11.15884919583477, -7.283139157466773, -7.100839110988972, 3.1545440712144326, -0.34503361288098977, -10.120752385238138, 0.32683220344847946, 15.715909274205515, -10.674838913302917, -5.942364131465985, -19.824961046249296, -17.473924383248445, -4.293535016422727, 2.989706980566953, -6.766808156297786, 6.920865664919528, -2.643529270541095, -11.316435541244553, -2.0738488991558754, -17.12896907261342, 3.8218992925883044, -4.072334741207096, 0.8657950119238113, 11.973009140688713, 10.435211166722894, -5.077217213314358, -0.4211363425774613, -3.2517583118717877, -2.3179841802721413, -0.5494440167486186, 7.520107955996184, 11.142474319734145, -9.562665658688184, -22.484071706570223, -6.479035743590119, 4.107683789430697, -2.6148944006344172, -6.150691577741212, 7.075129590122886, -20.416930049924282, -2.158885496702424, -9.090781427281502, -2.8966966043146103, 6.155602836460204, -2.0485427672420964, -11.717973225876907, 11.059897545725555, -9.227321054738542, -3.745903283375068, 0.8883070152010182, 4.9193402914400215, 3.3066063529219805, 11.620509106844748, -11.682711768145733, 0.5545947576565449, 0.9625824002536925, -1.4803994938540448, 10.829704867948635, 12.533412700694283, -10.526548555872855, 9.707733508481471, -3.360668893842583, -8.01260882783245, 7.538787093057802, -4.058467347460789, 13.093577779093202, -4.352300058659958, -23.271504274515387, 0.07509052771729686, 3.352924812158501, -18.276820880531897, -9.765803278983203, 3.319254904466569, -22.10575812254818, 9.039630846720645, -3.4548158586491793, -1.3305568035623834, -4.010914700739682, -6.215055854298712, -9.084099757376398, 1.522943713749492, -5.199427558683953, -4.611275576073422, 5.717575088634703, -9.126299321471434, 1.0010372128854577, -15.927945591828117, 4.649668496225491, 31.78257190736944, -2.2113548068570967, -11.577440317147815, -5.26283147504467, -12.919690530317057, 3.636918146981255, 4.843645543359967, 3.674168075887049, 6.364416459285703, 19.638568074438187, 14.168519906710221, 0.4166804342986197, -2.6718185485904478, 2.3943092135998407, 13.846911560290128, 15.875998263260616, -7.014773935937122, -10.590932591070246, 3.685129569868293, -11.179776012847382, 7.68920082813067, 3.891376862120188, 2.4697512824495593, 15.483494623482994, -0.1814434548670481, 7.216534723793029, -2.7311006998765452, 18.338037194274218, -7.061802011790626, -3.4466522155071186, -8.782534958689261, 15.356454346674965, 12.994561567346384, -15.081860943520608, -2.8762508187805023, 0.4473702530415953, 10.60089069003584, -0.727267685340829, -1.4496358517714527, -6.6670019687856135, -7.3301917252834485, -4.272403595982141, -10.437035928048308, 0.15788896728274837, 15.470294011412845, 23.156386886038934, 7.367671937306519, 0.8187891107467826, -8.318074707643284, -6.443043109727689, -1.5046751930901452, -0.8749401805734099, 18.493574019782745, -2.300335269693267, -6.124625482360397, 6.924850310539699, -8.879945985463955, 20.82175517729856, -2.4833760672963954, 6.894595253513317, -21.087949533779696, -7.189960111538782, 17.290315935054384, -6.126107159849136, 24.792223436395403, 8.08684140727195, 1.0553266357109163, -6.950970915341168, -4.872539385039535, -2.723507205698731, 12.581269023171936, 6.7098250259356025, -12.470453325304582, 9.092351444065526, 18.461667125864093, 3.532205160795592, 3.155639678341289, 12.134944902348087, -2.2656386303050517, 31.810870180495872, 18.928622247713683, -5.334135606728369, -2.9103792165673927, 14.020194678773525, -13.00556394880561, -10.939497372864771, 7.120427634032676, 9.437485955771942, -9.446936279887987, -9.128163739586437, -15.412299617444951, -18.621772069266644, 6.370113685517063, 0.17896471284979187, -5.279426634810446, -0.0882172848478899, 