{"fitness": 66.18, "name": "Nathan 631030BAT", "genes": [-19.951871821163298, 14.969993329264462, 0.6885245462428831, -20.790333746412536, 11.81637067887028, 11.381791666431592, 1.842325281817732, -14.092454072756958, 19.541401468879695, -18.60241989551141, -27.407862262399608, -4.730845709962033, 0.661029468748675, -6.111793938552045, 4.8133393220386615, 11.194874124178526, 18.36845028448196, 14.39810440968762, -9.827950198774941, -8.462705584571536, 18.089230626684447, 3.1782878140166604, -1.6013003517877828, 3.5383202421039743, -12.650740136383064, 0.27054050482236147, 15.672431882000861, -4.632790248570776, 19.222507806929674, -4.153750212288338, 8.150057564612423, 22.25704033888227, 4.929089977117425, 6.258330998530815, -11.77644739787731, 6.885425945640235, -7.510776248893436, -4.963789356760217, 10.871601559479998, 4.4736870417267705, 13.237938352556585, 6.809105777764755, 9.371134629343185, 6.363370752301727, -0.5870333335465829, -19.15992621720563, 1.9646364139054355, 0.21872989356625716, 2.7670498099606538, 5.718110489503689, 10.60556356810563, 6.207649906583825, 21.96273832275032, 5.265863009216053, -0.057357093288792585, 21.457429937565475, -7.443423089776424, 4.538598369875726, -11.818070628171498, -13.020971136112216, 2.269357462727276, -12.653989306104602, -7.0651784977076595, 10.175461390661106, 14.895188691720254, -16.99446266288117, 3.6082726144118595, -17.334352834745903, -2.5485852430870777, 8.503265493370133, 1.2723261618303132, -8.81483319892335, -13.737045176243207, 5.587934700975882, -8.59960012001015, 5.382095323034452, 0.32948495508896347, -10.210633917691915, 11.43307357468846, 3.4026388145842295, -0.8106232017376029, -16.48667357975058, 4.267563298163842, -21.780193482370336, -12.970362477521057, 6.840818158529175, 6.707641259686257, -7.888055097171176, -25.332506213739382, 5.267108020138058, 15.22808908889601, 13.33645793616252, 2.575726875749109, -1.3561258601118713, -7.2316836841609025, -2.8729808981773446, -7.69056746574855, 0.1094287716264688, 0.023349427680954174, 14.751216523502807, -38.25464991685359, 11.103649015256915, -16.480072963775175, -13.930506613074927, -5.394302047409044, 14.336110966051688, -0.23227899133309404, 7.061611800887149, 3.4901959337974238, 4.3366888050877925, -12.586504484732982, 3.542417679123538, -6.227049921537589, -13.38303702784247, -9.111579240316408, 6.084723241259728, 3.8212252266901072, -9.119982094741038, 1.2420258364093826, -0.7594636406087156, -4.430091545963226, -24.639337956657144, 15.297445166758248, -5.232219313687951, -6.996142616259673, 18.366789964570106, 7.605175585260923, -8.139436992783647, -15.331358052898766, -12.455179059520473, 12.604475550507475, -1.6829043693715349, 4.200489477026748, -13.66110995300041, -12.53540483199532, 10.730942779347382, -16.167066180058796, 2.3902893325680674, 4.303081016931419, -9.162842987096083, -13.83677587376221, -7.4092223692620145, 0.7803351935506768, 8.479455379284099, -19.776319414537507, 12.98847887138637, -5.121599600984272, 16.58244575835282, 16.55347915188221, -16.481386767499803, 9.86728328397571, -9.331609204450219, 4.205084686415676, 1.4257877606381526, 1.0732828067105056, 17.456231626990267, 0.23196981450866183, -4.52121445060475, -2.319167539437032, -10.838835617764744, 16.775585150632818, -9.40243147517977, -4.036771170516306, 7.569212332294287, 0.07100631417581167, -7.347724748073601, 10.560850647733048, -15.584701873428722, -1.5724077960828042, 7.824309368655611, 11.685022807700413, -2.0126169535460656, -1.0092100144884826, 21.813007076043156, 11.592528863364857, -7.9905145998483995, -1.6042404379009485, -0.8250704047570888, -2.40130641797166, -11.497021987349584, 0.9456827694970094, 9.957488684712901, 12.026440203023201, 3.4466787602321625, 12.831120969256073, 10.10356260501056, 12.1321336128808, 2.1260425663870013, 14.641356549480374, -0.6684474497993669, -1.5053786462164638, -2.3206958075438036, -0.7484775057304832, -10.748074737306068, 11.51293238110773, 9.256011797670888, 18.01938068851027, 2.002600143222831, -11.862086328579407, 0.06862712622364811, 7.868416021790107, 6.842899441315275, -6.960217956010715, 5.214205081233876, -6.314292554826343, -1.3714919588637933, 1.3828066933110523, -25.749684338923558, 15.724291510394222, -10.508274619959158, 1.0296837948424566, 5.929792009995834, 1.9637400142280061, 11.65745357799436, -16.54915025788115, -9.651983419080766, -4.393864144796513, 9.660002047643252, -12.640358817895219, 7.387901716342862, 22.390201002243103, -5.427846466764395, -7.029010116049403, -15.718789249751383, -21.953213893506767, -6.080608078904764, 8.990523954727585, -15.678909344274516, 22.494204880699982, -7.72675501489267, -16.125783021915648, -4.607981364998347, -25.70539115409979, -7.053383153213531, -5.652166066595202, -0.624133851112857, 5.554622228328236, 9.790611673044316, -5.952406860022265, -1.2041202957301547, -6.24190100230615, -9.211839545195128, -4.800531838577363, 18.071020862465954, 5.305322658030934, -10.943669918160971, -18.422857471440775, -12.34266751135324, -3.388626883565651, -5.208036473934282, 0.7712525312285827, 15.494900285413754, -22.052466287299644, 2.2385839673606336, -12.345142245867113, -14.597656306582481, 16.307925263460902, -10.506209067928115, -16.838201123849263, 6.728668662675631, -8.497954669045116, -8.34649058305892, 4.3568574823682225, 6.43780349822681, -3.825676184264373, 8.248679476623217, -9.981814958756907, 4.355406699528049, -2.3156670841366167, -6.832467456677196, 17.143938019323475, 27.0505226302478, -5.80013275566408, 10.259231144948123, 0.5895316245344555, 4.319397947102127, -0.5793071560906858, 2.5887601199030006, 7.421165459266131, -8.92404486136835, -19.209582228406223, 6.164655547341225, -4.130847524557266, -21.931626397075, -19.273140047315373, 16.819316457930405, -23.54336255189069, 13.349615399839214, -5.978070445026496, -13.339352658382555, -4.849336290226721, -3.703044396494886, -3.1470292056627303, 0.0010468169027934848, -3.674717822557411, 1.7170075171261, 1.4547972979077526, -10.28235401344984, -3.8803509828514944, -5.6488721478359745, 7.913567178693492, 31.721455302933585, -12.46406121840113, -1.4411754914472032, 6.012126874889578, -4.901092377888189, -0.14175974947344055, 3.6419399921624387, 6.882719663678185, 7.479890329379517, 14.932529849821666, 22.321959500557593, 4.24622961418968, -10.276633577305926, 8.94088173398416, 16.429153956421178, 10.16690674334639, -10.229254011216842, -31.96428698511869, -5.570754787073723, -5.733543945424436, 17.70355565758525, 12.838148640279018, -8.492481918144282, 13.94133838256855, 3.292938919919468, 3.8063721219904387, -5.207371537642478, 19.09069175371154, -20.602061456604552, -3.254020377630209, -5.967345987267305, 16.57231037321162, 23.579573174300812, -20.623238175001077, -2.373710333539253, -5.984485170956646, 16.36396054965856, -9.879621714946742, 2.4490067611455815, -7.019662995510682, -3.5579641717429062, 2.503500624471027, -7.453616485006833, 11.647551256505821, 6.343690747108234, 18.005908722535576, 2.892120712683401, 5.28720653823619, 4.027490212114217, -9.995045207225786, 5.2283479461966405, -4.149979085606648, 14.679105873417477, -3.965896542124781, -4.214233024981987, 18.037853107077023, -4.415367015204924, 19.42689562247906, -0.4853833010260315, 10.92443310781329, -19.32420491593599, -6.166561402078067, 20.711939659406035, -7.287056523946628, 23.42584021106449, 6.1215766322896785, -3.5309114288352106, -4.373357174111757, -11.113177254734248, -22.473726237252734, 9.738238052104878, 5.550774411578866, -6.275479106183973, 14.9779350412067, 25.03242973894647, 10.832269918922306, -1.8909976122574488, 13.561949283638862, -7.053122455321945, 27.377024805566844, 14.447704555474669, -10.885051941502276, -6.978647679704792, 19.130745659650223, 5.149725645641088, -13.945316775252293, 5.805372554226143, 9.319854788766047, -10.575258395457789, -11.255992027706775, -7.463750581298346, -19.849219630649767, 7.052001975817438, 0.9572989292245964, -6.552034072955781, -2.1534583975972668, 