{"fitness": 64.94, "name": "Nathan 206540BAT", "genes": [-10.862063959745026, 11.212906557142954, -1.3680922761187135, -9.823937419177875, 11.935619960787562, 6.97477704355274, -0.5788074840115934, -10.71313507487788, 20.099300818937493, -19.28127308749013, -17.304453894324855, -10.971771297052312, -5.255232458864686, -10.061224781932967, 6.306751092110444, 14.300279065237037, 12.027197575276839, 2.455950361748789, -5.564248264709985, -7.772629834630178, 13.861829015052722, 3.5527034395854957, 3.349578113217572, 5.941165133592912, -12.311505935607522, 1.016208668030185, 18.935728040331345, 0.3689192637803719, 7.917921815401091, -4.9854261584003305, 6.980108929947643, 12.522920327275328, 4.932349788477662, 10.679589664785953, 1.5290476876861574, -10.143216699636765, -11.010097161646641, 7.7896917146993045, 3.7939369711103352, -3.5991582087125944, 14.279186267494902, 2.994094900550736, 6.9194722417498244, -2.034533572289544, -9.863719703022227, -18.996553816508918, 4.886454147079956, -3.4751553463476625, 11.108325513638858, 10.610528649640255, 10.585315175082592, -0.5137756133057789, 14.464090719437316, 10.294143034043978, -0.672635450168229, 10.609949676354983, -5.019359398503967, 7.67661715426912, -4.146592881820359, -8.306797444230439, 5.62200732518417, -11.39859426671883, -6.598872227891515, 5.434025929609493, 4.901163523531969, -7.10830088367949, -2.0776817666626917, -5.515906287194461, -6.865756179159851, 7.714870285606749, 10.145411695356541, -3.186045929351017, -2.369276133204365, -1.5288008778715516, -1.5789268811080897, -3.9116240543231653, -2.484628540742966, -2.7239951063903347, 11.36489858871421, 3.204981575077598, 0.16382852961054103, -8.681244777902727, 9.376821738794815, -17.665401677914748, -11.696881728139658, 6.318410685275933, 3.2300280608595187, -4.966101217435909, -22.25309236994851, -1.611966563982492, 17.152024481612635, 9.410394738162527, 5.724027873353741, -2.3389242795033023, -9.727542791897774, 2.581317008128588, -3.750765438141659, -5.020163530021008, 2.985648978733406, 8.591182781078475, -29.674643907093973, -1.8949927507929651, -9.453900122740515, -9.314542786007113, -1.5010440023469007, 10.05834801737432, -5.512575009809022, 13.282616314804699, 1.486778406941733, 4.443227606500988, -11.00043083811306, 1.6364277267115905, -7.51675204955206, -11.174921878859488, -13.325060831355598, -0.1573683359826077, 0.9406385336033518, -2.1825481018322304, 0.1427066778856402, 9.519250822440613, -1.1508235760455596, -13.010633444676373, 9.97325614279901, 0.7247470243669127, -3.1101884793343837, 5.335246435183251, 3.8908786283542582, -3.047541681779064, -7.664798101446565, -14.105333230762712, 10.877063450900065, 5.054289550666231, 3.342395779704785, -15.32498140802269, -3.4423619080930927, 10.511043165015943, -8.587973669477504, -5.8827276895884895, -2.244905108161143, -2.6761388816389737, -14.864132006398645, -5.440187823065183, -2.568833188151966, 16.699167139239496, -8.014385984817135, 4.391264392976646, 2.1511810469052355, 8.678272903711896, 10.587862763574226, -11.270980842386836, 13.2253938800306, -13.456119708762651, 8.285936425883001, 4.542568628979425, 3.8740440040596367, 11.257930736624495, -7.751306942641031, -3.334019417157812, -1.0363852714372794, -13.770260356353324, 27.014382998685043, -12.26155736726909, -3.4323696515237203, -3.0139862850738846, -0.527557930030041, -12.892067215299663, 10.662779871493365, -17.772814333432233, -2.261471153662481, 2.364185625057192, 1.0057453459391532, 5.092309272417287, 3.484337493288426, 6.527535864625559, 7.3356821107253865, -9.03271388459103, -1.909778586978873, -1.8295550868058474, 3.4455292373301045, 1.2401865807641244, 4.841075959905738, 7.9833347930803225, 9.893548372626778, 4.773646887645199, 1.7412807895219722, 7.96910313030363, 13.47724148904593, 4.370795700594295, 8.652150405891996, -8.435423674830703, 0.8024845745311027, 1.276766356918578, 1.4161305165582179, -0.6809902541613535, 15.933509932130606, 24.821688495275485, 14.627823876668726, 3.573943493430729, -6.506878281427995, -11.278027422074294, 3.043180732143489, 8.638818372671576, -3.9178398124425167, 6.638124136670635, -4.242064377620333, -4.133670548487551, -3.4785942671002164, -23.274091514863155, 11.295376229285667, -12.294642648341187, 9.143958182315895, 10.11759328234772, 5.238618290768009, 11.817181903264075, -6.1604873456213864, -6.843568311629499, 3.133827773675562, -0.33512730229388366, -10.745379309550312, -0.13836327423385048, 15.577085016489841, -11.45751035798341, -5.854581216333224, -19.58362959771551, -17.45347168225958, -4.324243554512197, 4.049745063963231, -6.622793843822028, 6.353363611300737, -2.47777540764424, -11.584185129522767, -1.9604962042454952, -16.879870380526782, 3.658673910175731, -3.7823299416142966, 1.0184258027914024, 12.844141845902785, 10.409339034035712, -4.800957173693886, -0.154641393024082, -2.9364656528232307, -2.2425936511478994, 1.0661666766011246, 7.962060818972031, 11.57373271652696, -9.96404476966477, -22.185521957668005, -7.192620261911508, 4.197381477971913, -2.924747300123059, -6.9117036720879055, 6.665693054072121, -20.453047927885883, -1.7704406404827684, -9.734335027256371, -2.7108221941791184, 5.674227638560054, -1.5365840761885625, -11.62453880815324, 11.51130701443321, -9.135405853421219, -4.1106289481940586, 1.0431869041143753, 5.487700468150455, 3.0361925193824595, 11.039585254341297, -11.46794311344736, 0.8215858613628289, 0.6652338954347574, -1.0724835591129935, 10.695314832005492, 11.644794709210819, -10.784412259512386, 9.849613934256991, -3.8201095180561095, -7.56686354018429, 7.309493760608901, -3.985450503045789, 12.25001144355416, -5.201424212159022, -22.98460839733167, 0.7692825790826512, 2.772800224582321, -17.38134656950857, -9.156197402280274, 2.265287221142232, -22.473694543455714, 9.595034188533873, -2.267942823362102, -1.3844268893967482, -4.962755813689547, -5.953351758387775, -9.670734764457325, 1.509557663670344, -5.567981640828351, -3.850290755299771, 4.917295362826273, -8.688207904788943, 0.554356464247919, -15.517047493343194, 4.138618135469395, 31.700909204649097, -2.0129952576377295, -11.571988688863563, -5.069297250889661, -12.387263719123771, 3.257137545494932, 5.0370218553313615, 2.970322333400809, 6.2226411756196685, 19.517012486439878, 14.324240930324248, 0.15336407809331373, -1.9975911172720073, 2.606383909550521, 13.825998139179287, 15.641633898379542, -7.392611618850452, -9.204375899522216, 3.7368659846223458, -12.063035311505887, 7.502486157652774, 4.419802021987557, 2.0316131421921453, 15.676197727829186, -0.4642068303005788, 8.583091718087568, -3.2586402901875644, 18.39183349506826, -7.453804259064526, -4.817483099150369, -9.05313500236862, 15.27413364861382, 13.04897402751561, -15.229663505625808, -2.3873351312428794, 0.1803056940724089, 11.415753231170566, -1.1305050464724287, -1.2844993916075351, -5.716333027748961, -7.9984173461690045, -4.15962763826492, -10.112514277933448, -0.0006784179598855883, 14.911494093214632, 23.14077358330964, 6.619198114675973, 0.8834422244465292, -8.274758599275186, -6.483486763125001, -1.666513847600091, -0.9247312701603172, 18.051786326195934, -2.7250338091103927, -6.288863253529198, 6.620642984321776, -8.74964255243984, 21.102135858865545, -2.9941245543557495, 7.338347364167019, -21.126617332248188, -7.012084075895342, 17.33001208513885, -5.8894889963288914, 24.356173147041176, 8.320975423732186, 1.4146670658504361, -6.8156358412584375, -3.9676487529796214, -2.278969824174357, 12.672196741749847, 6.846811641906122, -12.549528906866906, 8.831037888076134, 18.24654366312854, 2.77540433584647, 3.1886611524346944, 11.405367581036554, -1.1362106195050616, 31.420573676154643, 18.45168026104925, -5.681504566605581, -3.5738596666040445, 13.964613017633647, -13.76921350447455, -10.64318516077545, 7.489078234012977, 9.351611005613554, -9.229378349003206, -9.076542649699036, -16.545982862971012, -18.678576953240945, 6.829674296337428, 0.44707128745364305, -4.723057547075632, 0.725567051972616, 