{"fitness": 65.56, "name": "Nathan 348651BAT", "genes": [-14.548015244535677, 22.664544367218912, -0.017947856605039322, -11.589739262319585, 18.513778812701204, 6.646195892924142, -0.6533829180590848, -14.69821556207897, 22.259306435305817, -14.532605636540366, -20.398910241203172, -3.5551848129385033, -2.7348636550190197, -5.513907774662572, 5.709612112587666, 13.338333882603024, 10.120948727760302, 8.001561488863581, -5.006960228751633, -13.00265834485758, 16.66166067367572, -3.0161294201550204, -0.6711271347397485, 8.799103095417827, -14.090001126965937, 0.5380138472097061, 25.21734913005681, -6.226033828355386, 12.372168431836702, 2.3002651795762312, 2.909926208758777, 16.69370158478514, 5.300992598722666, 7.67088276322268, -6.00620799347251, -8.212151466326974, -9.496913007876, 9.423708869097467, 5.743608460419969, -2.6072596242889565, 14.095821682899077, 3.6111027319692983, 10.653118210787163, -6.36737121998995, -1.3227180257378548, -17.67565650814098, 4.7661261316267, -2.839396297725655, 8.115093544475133, 10.080010477680586, 12.423877882266716, 0.11477149370263175, 14.358585210098537, 9.59692022975671, 1.0715614591472296, 16.800880856991615, -8.436020919167591, 8.82351272043715, -9.78215077584391, -8.183398375045492, 6.624549544078229, -14.658686937986625, -9.424380469376501, 5.6173497329358675, 1.1310035968123693, -10.775510743334449, -1.2827541640574176, -14.921079433650844, -6.92097781357163, 6.653187409717166, 7.77785207390334, -2.342998085447751, -3.2285438684758234, 2.6213832478588226, -2.0101571117441286, 1.660951914886278, 4.3007877766432845, -9.493773992027325, 11.584491088340668, 2.002604447844435, -2.717365438938774, -11.192591730595229, 10.870827474595806, -16.64100998640669, -12.656231535945004, 7.454161136161926, 5.571981586547096, -2.2779269143199627, -18.58644758856703, -1.9956762878220557, 14.90388177740474, 8.652229504529668, 1.6415271536845224, 1.7582774748474579, -10.139027774661704, -0.27567046647757976, -4.802659588452113, -6.557342285393137, 1.7624048188072616, 10.754579553804204, -32.40356661177423, 3.24328964780412, -13.04567572558733, -2.420729026568937, 2.3565759757096063, 6.930037893244137, -7.092008586380083, 7.312807178635238, -0.11177089375479944, 1.7119268026798453, -8.072143969092568, 1.2159814724580114, -8.32354666391702, -7.050568010354285, -16.697795169094984, 4.596851745294896, -3.095538422318646, -7.030694355062974, -3.195167774492547, 4.27866906624699, -3.4159423923665235, -15.343413884224024, 13.093583633609308, -3.299390613050523, -0.9319599457876223, 10.883643760853692, -1.21705386763601, -6.687844596648603, -6.71900112405123, -14.12811051385609, 14.828809930454847, 7.196812585556585, 2.586728931076039, -17.5952640285972, -3.8907715445936213, 11.13464443757726, -8.902753864134931, 5.938214511612987, -0.6065644484080133, -6.425496258957681, -18.135896737181127, -10.002822635520953, 0.6261636581507967, 12.963399238213343, -10.01137593239923, 3.5898252085720777, -3.3468931020388766, 9.49560319043283, 10.725233796616788, -17.751754802481884, 12.767487491309389, -9.099876079910382, 7.268112330477193, 3.8951721352614723, 2.218737699955338, 16.245006807262822, 0.6036192038520278, -2.0565961739145555, -2.139602961529733, -15.430937044261503, 18.711099985342432, -9.47028903526245, -5.897391998989064, 1.3233061198447555, -3.746757620787101, -9.879413387006466, 13.086647596810463, -19.649816118548912, -2.422285700664195, -1.2093194681281583, 8.509408745296465, 3.8972770037235103, -0.8731629197531816, 9.92148495144549, 9.058139561432004, -10.061374472066104, -1.6529191173319275, -3.5593035705019473, 2.6789733099128, -3.531293875340438, 2.542200839267886, 10.26281403875048, 12.521069159693687, 0.9620890421944837, 5.0760469088070925, 10.220184476684246, 15.380808855089237, 2.7255091041140505, 9.686915286671079, -7.7549796326367115, 2.8345762342302874, 3.9993931533531994, -3.0670874070298764, 0.9423286769902638, 14.611536948329686, 19.721036361618726, 15.549374848552654, 2.237738541472432, -9.251027465519023, -8.901551155816325, -1.11679519922096, 17.149340726300586, -5.888488954386101, 5.498094453375307, -0.9113878878517332, -3.810217681287048, 1.4361016288313104, -19.34527606510172, 19.662223399888475, -7.068541473813365, 7.404681082022573, 5.215232551644591, 2.6053467528381047, 13.036085476787465, -7.680535913201278, -8.145569232361641, -1.2726780640926298, -0.26193160758227596, -11.52180389513786, 5.040237111412879, 10.399271363616654, -6.139132239929931, -6.712894253986143, -18.516741230332173, -17.55047504828609, -3.2282063845648064, 6.147676492186289, -10.790264350213297, 20.630660480017063, -8.873364337196262, -11.990642884237968, -1.3562197698291087, -19.772349531138328, 3.9897907200937826, -6.98576994998895, -2.2150737737413873, 8.016465908006278, 7.282189989587202, -2.5045643235920347, -1.381825522018518, 0.7815851835882001, -9.084719344275866, 4.364545415691299, 12.497181573940557, 7.295597770994329, -12.505886946864928, -23.12454570566643, -7.239900632072728, 5.936630097449707, -5.085781375696542, -2.739658193339519, 10.887607637032113, -17.335083366243285, -0.9101447887120977, -9.346928176433506, -12.116129441929099, 8.646444851702, -8.798757085216128, -12.40181439003881, 8.86709530279174, -5.6175955336819055, -0.3575824760680413, -1.3014721389755375, 8.649542373955082, 0.3843626228654054, 11.384775246604802, -12.285453172204376, 2.5837947263205616, 0.28309449153468097, 0.8972584429793793, 12.473379340723161, 19.03998443491548, -14.30325294136189, 11.268698974294015, -7.965171842666141, -1.867192462697629, 10.18461566627449, -0.6219222254694667, 9.589604386881497, -5.070453579296235, -24.18856969966986, 1.176323112162387, -3.5682532552636608, -18.831095849666973, -9.67221433143432, 7.08025275008437, -19.3180892794068, 7.96588733158931, -4.676974450970929, -4.731297929459525, 0.504764083965232, -3.772481450078225, -5.419962445164375, 1.2381786047833354, -0.18447131398253452, 0.6803022512049477, 5.1750149942053065, -6.544082241547571, -1.7895568893048033, -7.6975719814360835, 6.66550238529939, 27.79612964007926, -4.495292184003419, -9.657543787754566, 0.40629792856179464, -10.216224480523307, 4.216450898667935, 9.247142593726927, 6.344710909541329, 5.50373547067011, 14.118075346363517, 16.299005349422185, 5.9799680498187975, -8.276772596025692, 4.230293397867889, 17.85295227086944, 13.354645243855344, -6.679966850125358, -8.082117805951158, -4.017275230486237, -4.251653076182422, 6.760627246221255, 6.057385562657722, -0.31879848069819294, 14.720779238891897, 2.621676025905404, 8.679237543382671, -3.531207334099146, 18.862266544275062, -9.585821890521308, -7.859150776986526, -7.271316210453771, 15.818841440324164, 19.965778706216742, -20.972804327025024, -3.403385477042497, -3.6102419656807028, 13.929457012070634, -3.621936984851426, -1.0740927283270427, -5.76672656241918, -11.751100673225462, -2.66994885702964, -11.916065079380465, 4.140635661089692, 18.428704249837804, 25.060198703434605, 5.027451843189495, 2.185434694815546, -5.730575975494672, -8.464876347631389, 1.920531199826508, -4.915405824760914, 16.845936989554566, 1.156658758356263, -3.4358388777244646, 22.69859719564723, -3.995627743803847, 17.502540729039225, -5.583689705333944, 5.742537180022025, -21.67654732818111, -7.938073546351094, 19.895408282490283, -8.146209728558784, 25.735550976836468, 8.78204867239686, 0.12238811226502098, -7.496457098904975, -5.301478251295365, -5.692192497772173, 14.092497267861027, 4.79383976476931, -16.784995414653796, 14.415959727966502, 22.120393555657675, 7.304934060022399, 5.332232779297832, 11.856868796640134, -2.1094733796442124, 26.723078245961183, 9.812629649580277, -8.531579043115222, -0.913441766640715, 14.134758749238594, -9.458006974706523, -13.274555985507503, 12.2249252653605, 9.605802065355897, -11.874991435500052, -4.170151058365941, -10.618975644352357, -12.310778707556851, 5.494976726023464, 4.648772449208719, -8.015220539436877, -0.5714583496691384, -17.582829792454405, -7.263878439680426,