{"fitness": 65.65, "name": "Nathan 472692BAT", "genes": [-13.012915944148888, 24.856848569414726, -1.3028782308674698, -9.816509884655613, 15.986085430701815, 9.757232630699221, -0.7770321846129942, -18.472184958170146, 16.7269998135714, -14.045368917291336, -28.452106878412017, -6.576357877581662, 2.1463024481390867, -4.79500576830788, 3.001672447309802, 14.07769806582347, 14.755755106504813, 8.434548060285499, -6.383631131681271, -8.215454009687887, 19.603698108053734, -1.536613393165123, 0.7514634373694233, 5.0913330156013235, -11.614089842516044, 4.410766737655101, 22.48946228968909, -6.3450236906677135, 16.712218868505232, 0.6475973350996607, 5.806425808467489, 20.073305396330472, 7.024383750976923, 5.118211852480534, -8.879108954277344, -3.331768213713132, -8.160434769759915, 3.653506792537455, 10.720022233429164, -1.6142288836533036, 18.15107088632031, 1.5167377659035532, 10.187702190488668, 2.5816956449624087, -2.007776091621242, -20.634187468983104, 2.60843013213798, 0.6652074088791092, 8.448642219594337, 10.218179676864539, 15.164064963061838, 2.331784611433708, 15.438042416127796, 5.882796187627327, -0.48295506663352367, 19.992476322947134, -14.345739495457755, 6.771326497662852, -9.490334646337798, -10.456154522794353, 5.832468923540966, -16.399444276281372, -8.447253117011332, 5.589359916388312, 10.122001082680397, -12.777368127638203, -3.547718624221636, -16.77685569730826, -1.8512667454570069, 5.508792913438184, 6.805327936003621, -7.852348843824762, -8.833291975793665, 3.8858943854581383, -9.522643091479823, 4.258655105769788, 3.841320513106675, -9.437473168220366, 11.279904810942199, 3.102430580814356, -4.754247035185212, -9.753184056114279, 9.293530004475699, -21.19581969122512, -13.12768638644608, 12.369991706787703, 5.436224244450027, -2.822809555057671, -22.921771411431102, 2.429707256554305, 18.21713732395576, 11.22063783372886, 0.9241480033910288, -0.8842024863703981, -3.9689187990974464, 2.3845399136414076, -4.8682801334405905, -0.75470785826162, 1.5819009669788198, 7.200998535779699, -36.12729968631802, 11.183554120281887, -15.70728469882554, -11.518640578249125, 0.7030154524180083, 10.169271452002624, -1.9835912489816947, 0.9977895273551028, -2.1569564863304183, -1.4746009216976121, -10.105591397272317, -2.5313865951775063, -9.639041877959484, -14.162503240385055, -14.57888204842792, 2.278162709746853, 6.305130425185774, -4.930488594901605, -1.5149958274917656, -0.2411007229030567, -4.522243731620999, -23.069495045875993, 13.858028437889788, -4.01149629913129, -5.229194832996635, 15.310659767942212, 4.244805331862668, -6.557659231920984, -15.315242753104192, -10.076149497514875, 10.716019656593474, 2.9494160966839718, 0.5269798012708189, -21.6282531604159, -9.612575903273402, 13.141589647798607, -8.393350734908314, 2.962771281310149, -0.01924389634917257, -7.911751683976563, -17.909797849359403, -6.899749388086383, 1.1032321899124464, 11.575634872249461, -12.53063186095533, 5.149776787154605, -2.806540866821915, 11.29573223960926, 10.949402707172279, -16.667582478162835, 14.541755351320775, -15.891790433481846, 5.2789238903201205, 6.363636026130331, -0.41356813425501465, 19.717034682505357, 0.2651882336958962, -1.8544767212417679, -3.125096267652724, -9.948243382033215, 20.296992540099904, -12.677424447085883, 0.4588161561469982, 1.3697745368079575, -3.466952680150923, -14.152865966761333, 15.03259935701321, -12.309180620537951, -1.0331122306187515, 3.4502714308981677, 12.049136967540854, 3.4405228375781034, 1.2768057571660218, 19.13635069678986, 8.678218312106548, -15.42287769973856, -4.608790530780356, -2.773964833416895, -0.497502205698372, -8.728983856637115, 2.660998998482101, 8.363087243080912, 12.244328667378854, 3.5338040432602122, 12.803614936710225, 7.733472873905619, 14.97649565632604, -0.4616224894768147, 9.914878077796994, -8.715953197228417, -3.150557329686576, -0.019497087779155264, -3.3753677702642846, -1.1154321921360604, 10.811478131792397, 11.45229599613288, 15.74776048417986, 4.016818083871016, -10.547515619997528, 1.7837899749559685, 4.6310174011055585, 16.77903019013282, -5.65375201330565, 2.8508262956070083, -0.3821336915382205, -1.348174311217422, -1.9081047188544087, -19.906659387080172, 16.198329907995436, -8.137826156384564, 8.519529455942527, 6.744618428491769, -1.5132452818957995, 9.550256106812732, -12.231249776547049, -9.587775566999731, -2.5651975250847356, 4.9798731944611925, -11.247357891607521, 9.710905008675546, 11.939405942580324, -0.9017819054983033, -6.033094028837355, -14.998738516555125, -19.021194120879187, -1.5846597474605828, 6.688833565933606, -12.955040297817236, 17.989443833360163, -8.080947717907604, -15.191745898867554, -8.957750123431143, -20.792505524909956, -1.387738188673747, -6.344680224995701, -1.6873136253394385, 4.422276019887377, 8.717487761111366, -2.7053660970090143, -0.1116298941998074, -3.382879040741075, -11.781107259549989, 3.823521131093077, 18.201384718418197, 12.95794821962496, -13.948165874077592, -21.1276735319937, -8.61886479582809, 0.8371326001214103, -6.2151430012697535, -3.3760474922933503, 10.556113048755451, -17.82358707743651, 0.6249855479430833, -6.83833870050389, -16.661928798366603, 15.996549067737844, -8.735071499989353, -15.151078321011221, 11.257833393261492, -5.627725072010132, -1.242581720152194, 2.935983271445844, 5.2038985995571965, -0.5712173859636467, 10.614514745432988, -11.812880499333966, 4.51683640503361, 1.8721143407406293, 0.8602313806721974, 12.706739273100332, 20.791466498155735, -16.67470167362084, 10.7341816872608, -4.013829137838772, 1.7638940118067519, 9.069470386995011, 2.906536349432702, 4.46511538364361, -9.358041525082186, -23.31855060263637, 3.2712817129091816, -2.588254863067753, -21.433240705066506, -14.034802813032659, 11.393800281737771, -18.68670884444531, 10.805030401670017, -1.5925168979884157, -9.58682583295599, -3.9166169402526005, -2.2768671909264224, -4.843122193835164, 0.6118001275530669, -2.356807591034263, 0.3647016966633011, 4.226008954271108, -9.085518488580105, -4.258128856324128, -6.21142965527673, 6.86459597737119, 24.170502287233827, -10.36272674150205, -6.9557466269155785, 4.696535345537865, -9.223680882070457, 4.7852180992302475, 3.675956393862379, 7.337569019733921, 6.46776988711114, 17.415863279859575, 21.214976060806592, 2.8956518179938566, -9.458504860294848, 3.463096185121446, 16.54805769412586, 11.818626777788863, -2.0724979242601047, -15.951595997972305, -7.109695904587152, -3.6475280576184206, 11.859147905228784, 8.741400202076841, -0.6723143083661232, 18.599624587921944, -0.35768205968647254, 2.6656617053346667, 0.9629882069321722, 18.21962054208413, -15.621865631336243, -4.803714828008312, -6.527722207458389, 15.288236375738215, 20.85983835394941, -18.91555208087583, -7.661899700731552, -6.638832219407729, 9.982916385314091, -6.18881502679272, 3.7282440313761693, -1.0008513247110447, -12.024660906686476, -2.531223238731861, -7.644163813295851, 6.936934660468017, 13.032572218191493, 18.626760049424533, 0.43606109839065116, 2.0325796321690413, -0.5100876187616586, -6.608858268701638, 4.784762967268035, -6.760089580309152, 16.582088675663144, -1.0478476996604473, -6.844499319822859, 19.751702970956927, -0.35153778027065524, 18.501313219173987, -7.004795416772042, 7.210560809903184, -17.732444625008004, -7.1773493792516145, 19.388172614793508, -5.506495756933222, 25.442785360371968, 10.09137380871539, -3.9036718536566566, -3.689063352587124, -8.990987751378816, -10.827359612431573, 13.93095245031119, 6.171972670284427, -11.803522891494561, 13.25353023398634, 23.982400367313197, 10.664115270911608, -3.7684422776579938, 13.186832932306109, -5.9315344538722465, 32.426815285259316, 12.572617021009949, -7.566777902545028, -6.712363082913075, 18.873343202578013, -3.5363871747530746, -13.951652951471209, 6.784615752298969, 7.620266347734542, -9.661566267117644, -7.637981722910187, -7.406902294985122, -17.771032146847702, 1.652073968121132, -0.7945403915292655, -1.9901737142838336, 