{"fitness": 63.92, "name": "Nathan 5281BAT", "genes": [-6.728940314740432, 5.282549476351932, -1.5702672293028006, -8.80668847350418, 10.031712288273415, 7.267190196954356, -3.6684827144041976, -5.294447916923657, 18.988338071897463, -19.977542010433663, -3.2164282237643183, -6.167543210630904, -6.338821236348542, -5.347268788836895, 7.755275808886902, 7.440872158583705, 14.961732820916374, -2.2853924494937115, -7.556157895755147, -5.870250389411049, 8.873899425421383, 6.827288888521375, -6.309941247029932, 13.06838980537207, -9.36693488916344, 7.886412403254347, 13.495483116421067, 3.5754914480709745, 3.8815346707820053, -2.942817270084628, 5.688941063816337, 9.901955023848691, 7.878209944156127, 10.961253286003263, 8.264246453955153, -7.500928745566872, -14.745779980813165, 5.396895368134932, 0.25128949025687614, -7.266631611219782, 15.06660140727036, 1.282483950331335, 2.6727230949198426, -9.62332777085228, -4.812836444291857, -15.55645951834491, 3.956215216042907, -2.4570368706835493, 4.469333046445814, 12.115881089505697, 4.248701607158258, 2.455234762146683, 4.023666619211216, 7.637863466688499, 5.971014473160276, 13.033715043320095, -6.914534366591252, 8.914036701937544, -5.180058953207943, -4.60225869167749, 6.577170268419401, -10.137015272610137, 3.5545407171179875, 5.606187985609058, -0.7668188318925216, -6.7624072853910535, -2.326697767591305, -4.4773000771691045, -8.784210458592328, 8.454801707197035, 12.704647599127492, -2.761021181847611, -6.908644449628952, -1.3353730944147377, -1.8915977959733565, -9.399536905282163, -6.708980723644457, -4.693562459501515, 7.4491588236368065, 5.868049460053637, 1.1640092013480496, -9.009647885506338, 1.99222441836789, -12.804227559927519, -16.819205761686987, 0.5653428324956328, -0.7207147588065934, -3.2886891272674625, -23.568780543542417, 3.97777076685781, 12.475545872182224, 12.571717572678997, 7.528655623082181, -0.9178632561460828, -1.2606475362788163, -2.341974099655853, -5.449008608502182, 4.102320088191627, 3.611164518939611, 7.514734433391808, -23.344870444676545, 0.6794088323878663, -7.405331640565703, -8.23751202923265, -2.9599511322565575, 2.520396577713723, -2.926189578459537, 8.018881239537663, -1.2710080361852791, 0.898126092343611, -6.592816039597712, -2.085469084337009, 1.2260807323721177, -5.747592057067157, -15.129470391024146, -7.794483975215394, 2.418116677256017, -3.141345011331944, 1.8650401527118772, 5.241816934418374, -6.752663721090493, -7.856721657583919, 13.087609886102817, -4.967965044349497, -1.371879575703591, 2.35334478419571, 1.8728793512759876, -5.071580126989664, -7.271533402520278, -16.680103288152818, 6.938851406105341, -0.9108617720784703, 10.987991538598076, -14.601829635467473, -7.729850512823038, 6.0073063314318595, -5.1646731407601925, -8.69588276757221, -11.124839080341973, -1.2166446446923729, -5.541140407462199, -9.088545942640724, 8.174476623862077, 9.987744726962598, -4.595110363720602, 8.543918087203716, -5.978310872719715, 1.4121777888094795, 13.284286769934697, -11.120114221686388, 1.8314091232521434, -15.730795652810125, 4.477201348926091, -4.404173094245005, -2.6552627707707908, 9.253707785408075, -9.193863895458504, -5.895484903725182, 2.7886228591954247, -5.258821685540712, 23.28007172798778, -6.3981538282197175, 1.4285595233823178, 0.38085619190630493, -0.5883997751397191, -6.080421638274072, 11.829192618480134, -20.221249088084754, -4.020923430290151, 6.062624536763457, 4.0289173398185145, 2.5009439098545174, 9.27638198489855, 7.7224343759175635, 12.962190327919114, -4.112103744450186, -5.141252799507206, 4.278254363787092, 2.5965904437365115, 0.9979180068132093, 0.22036894424559364, 4.408400286023937, 13.963966131486895, 5.256760050635414, 2.228527040843744, 4.39907309360514, 15.333317268361329, 1.6783752095682731, 11.97768470445368, -5.316329427590995, 5.132055253838703, 11.372197143404385, -0.1903302667803008, 3.1807108278044427, 16.182992994634418, 20.430148421038055, 17.468003891714186, -0.16961016990316954, -10.694071443541295, -5.7180615831528545, 4.243997224893997, 1.5860888736246774, -2.0123156300293155, 7.812491028984632, 1.7956070253056884, -4.038808645527077, -3.810263626449758, -22.278263647294583, 6.501168285406996, -14.291214651811282, 9.733481748936716, 7.731460418378464, 2.9125054565433075, 10.024534763784388, -1.6965706158533163, -5.594288349705669, 2.5413539555462106, 2.818745073534123, -3.7453644755548154, -1.7539488627970925, 10.34482266123151, -10.953081986345616, -8.441094027892001, -13.234819657660244, -18.78076890333121, -1.0260323895538872, 4.252420334624196, -5.928193100144397, 4.527899009039181, -11.325345730420654, -8.18179094629575, 1.0351450285674675, -11.622991210469083, -1.27720840421775, -11.549835662574186, 0.19949184169017165, 10.194898601560803, 15.17486128996359, -6.43586944380838, -1.8834431242695393, -0.8451357538676211, -4.727317795660384, 5.817106939567777, 6.852887206485384, 13.346073490465875, -4.520916308435158, -20.57357474393807, -11.236725040061813, 6.376387086839832, -3.0757178100071685, -5.279689214282858, 0.6251361179027903, -14.120287102260388, -8.69511592997377, -9.959024279822053, -2.165179984343599, -1.0334487030203179, -2.7354520095699093, -5.901620595533173, 17.736898744960577, 1.8263810870795623, -4.641219331773913, 1.5569069188741143, 3.4764691887893857, 3.607104422899105, 9.979004101525474, -9.074577074207925, 5.102864708878653, 2.6585342822244287, -4.916714080119133, 1.4201843780651775, 7.654945870513408, -9.871178681423507, -0.9047162605139486, 4.479684226200337, -4.539912778997625, 6.267738284516267, -6.688981958851116, 14.822991899959142, -9.40778313606119, -20.49974019957679, -1.9098485635779676, 1.5546932972895124, -18.631847341351044, -8.303972154967587, 0.5665838433836909, -23.435362120047152, 16.422631762277202, -2.7209271161202877, 2.6411546745579724, -2.1765176749221644, -4.691808416853564, -7.791277065932805, -0.69703864143985, -3.8052927256890854, -4.791264125391052, 3.324571145417624, -7.800461303483239, -2.9335967681471473, -9.537926850031733, 6.887034458350778, 24.02916651621086, 5.277229241105062, -14.078326419890479, -1.92074142380303, -5.15623802275721, 7.741786064365844, 5.237503533882711, 4.852084072354028, 4.878279190827806, 18.52178590246763, 10.999223463931362, 4.01874973711225, -2.962534513950157, 0.38441015778542126, 9.960324228913077, 10.343288786254238, -3.0703671246953377, -19.542129885945123, 0.3610573380968041, -6.706940219966801, 16.587368328148965, 7.1413521264357005, 1.0382579091424722, 16.32040251370149, -5.851034638230203, 11.626293134493414, -8.029872477023707, 18.850185208516848, -5.418682415901473, -5.0182232551144335, -7.388256132547344, 6.926915987495385, 12.471572870249634, -8.838575283901958, -2.5264501944464186, 4.708935160951329, 12.14693779545739, -9.019066668870078, -6.3326151535851825, -7.535174365212155, -9.162633847162637, -7.988862391242506, -6.499959187339375, 3.8218143748389704, 19.174204327769125, 21.334719636694263, 8.91380356346317, 1.873658110538645, -6.397594413814333, -1.5720344045342725, -5.291804364515535, -0.00703820172791593, 23.04266637813975, -2.788338211780865, 4.2033479855402005, 6.404077594699279, -3.0339318884870288, 10.18529554216867, 0.23786158767379237, 8.64239812528756, -21.23948961221771, -9.399860030588732, 9.21620488038042, -1.3975816495190438, 24.618180516854583, 4.023659092930376, -3.5764089983599727, 1.432569661088989, 5.062126221267583, 1.789239840337244, 7.237832050405268, 6.28918366085742, -5.993948117762828, 12.664956890117606, 16.331922439144407, 4.6095964724896605, -1.794510198904244, 8.365311470067258, -3.2022987375501075, 29.279130681014376, 16.073034018465233, -6.835206116669046, -0.5595026801457229, 14.505307382262155, -5.212220613191224, -6.775216721795136, 8.479767859904808, 11.736491053747818, -8.311197398114542, -5.745411309314184, -16.290459513130934, -22.87432860238877, 12.927881746377622, 3.227818389863724, -3.649118635916124, 1.9088444216157936, -12.478443433077365, -8.121986664933527, 