{"fitness": 64.99, "name": "Nathan 210230BAT", "genes": [-11.160304618715365, 11.663994890290947, -1.8306579359544632, -9.802495499020585, 13.403296350111994, 7.4045618569361755, -0.4151478110777591, -11.693989291922314, 19.861972642907148, -19.526929929557685, -17.30711040498147, -10.544985103156147, -3.710514331264928, -10.462539392980489, 6.445743683829469, 14.548581496542777, 10.649222072185658, 2.490326086079016, -4.958859341777731, -7.150766732243539, 13.250254014765162, 2.7589587071818165, 4.351610331416096, 5.84366313529465, -12.032104098710052, 0.773496885374949, 19.60839509395548, 0.43003304604877796, 7.52838369637944, -5.567088926771896, 7.307919668791405, 12.18869430733893, 5.415696348884118, 11.077358855541405, 0.6685414472249116, -10.98321399143228, -10.37443314635682, 8.69033313904326, 4.246279925267064, -4.1364787664101685, 14.301879660193075, 3.3106508293987402, 7.582503731743663, -2.134554928831758, -9.964336533357343, -18.625886710900637, 5.04225807929159, -2.8229116283873146, 10.589876430886743, 9.879846345817665, 10.441040920939878, 0.07804532263747224, 14.494577810256873, 10.275721072526974, -0.6262253811952423, 10.08758468087242, -4.815949685241999, 7.437503199357477, -3.154958763069462, -8.415788667670265, 6.553609774264635, -12.21068067992665, -6.225870625511329, 5.193888177144852, 4.564070398947294, -7.3969231470864365, -1.7808037517715198, -5.981268403303382, -6.758821429538651, 8.472202797303549, 8.81114194446291, -3.6658914264782516, -2.144954490490489, -1.7751304796547887, -1.5810644066867214, -3.4806741769573244, -2.001302591443148, -2.70486515734957, 10.6532456518358, 2.499904884629425, 0.1769536962808074, -8.958460191480262, 9.288783982354541, -17.219663549011024, -11.82038509557074, 6.772101366879322, 3.5067853449442294, -4.758852410406079, -23.31057170627589, -1.3690722222854685, 15.742630114472938, 8.984711785394094, 5.413660063277392, -3.7309303298437024, -9.097653627260831, 1.7514917639533956, -3.821952205209424, -4.887757465040359, 2.9357601482029114, 7.925960363612689, -30.03229221493678, -1.7414841763979465, -8.295477306084528, -9.125827830263399, -1.927411957968637, 9.068809921689313, -5.84859436719567, 12.628424074595737, 1.4147565922693852, 4.0453327608895195, -11.008539017046171, 1.5195140598070498, -7.465967767831387, -10.564762863033499, -14.140880334906484, -0.5812062779630377, -0.3189290757188058, -2.472521834623086, 0.8009995404987977, 8.595087902278305, -0.4720910970934029, -13.22172361545867, 9.808932233095351, -0.09033846985544301, -3.0239337399691846, 5.5340188654050735, 3.4921815658077437, -1.4320904411225206, -7.571051773945156, -14.592901343231132, 10.838597997106662, 5.025556647375327, 3.044445688556341, -15.267014573774619, -3.416386165790463, 10.625024148280827, -9.182050560144559, -6.14470060779966, -1.8353939325981123, -2.969881955617868, -14.566743224826684, -5.7520431507840755, -2.6046233488183486, 16.377198965366595, -7.785117419801177, 3.9894225736240485, 2.044853602748826, 9.130979524105344, 10.796460148795024, -11.907078078818463, 13.689288465028765, -12.255448021531407, 8.598119052179829, 3.9049656217971815, 4.131990018409617, 11.506881073514133, -7.049262449320709, -3.4210337347486472, -1.3782301542281077, -14.146357381914612, 27.057429985429536, -14.00974718672362, -4.124180341298335, -2.9477902433850587, -0.8105305024466717, -12.662640617436518, 10.917287899545455, -17.3169288677971, -2.5518425304330985, 2.19815211873252, 1.407156026871127, 4.65422812614382, 3.3814650245252724, 6.62519246658332, 7.159882005204349, -9.794560533624365, -1.2490294444715788, -2.868140295710046, 3.6704825573929054, 1.4336925569275893, 4.761637483371552, 8.009511000885437, 9.24564633368688, 5.721329997530657, 1.7572073132492478, 7.113749344958188, 12.981196370795145, 4.9327462443946155, 10.200130224823052, -8.675968119475648, 0.3723170831088805, 1.2505159381649305, 0.5643704308418785, -0.6228809248873728, 16.439712822948273, 25.217727343328622, 13.443048736780252, 2.9746645569852355, -6.8452524879531245, -11.221771994956772, 2.5389950727485644, 9.722502693573789, -3.6766242909545657, 5.99134438442654, -3.031794866228813, -4.200790498913801, -3.1987511411958662, -22.46928939234795, 11.265151785140517, -12.701435458419997, 8.0425019727301, 10.130696888250558, 6.035243477226399, 10.860380683209815, -7.750178586738871, -6.988333432698285, 3.009341166258493, -0.2775318102574271, -9.835392944260349, 0.3610164314271828, 15.21626886545187, -11.005080566401263, -6.001225786134394, -19.694659371027665, -17.337637476501513, -4.534837995612483, 2.9921199685834248, -6.267506621924435, 6.7201788214953, -2.438058053164166, -11.414050486408575, -2.0722184111976794, -17.774332027042828, 4.074449470617524, -4.12625596670743, 0.5330605694795036, 11.375853890755748, 10.381158385307614, -4.961263710165269, -0.365979674787202, -3.693516788489123, -2.168693594329665, -0.5363486614138633, 7.2475552385489115, 11.283610449875852, -9.411056544405927, -22.282930758449723, -6.949977673849937, 4.482798823113597, -2.9420973170460942, -6.521345221664354, 7.66365672432683, -20.34235595555074, -2.4141953852631146, -8.775987247965402, -3.0899422914698795, 5.904188260930769, -1.4132263739007327, -11.647616389474722, 11.345906527094684, -9.972515863942071, -3.397234576204654, 1.5583623321643787, 5.198637369913468, 2.5974079112890114, 11.314141540880971, -11.409461455705637, 0.5539261433360708, 0.8302013915466219, -1.491845118543407, 11.364930264119115, 13.025861165012062, -10.377608258777427, 9.75679966942673, -3.3048908405326882, -7.679223541893686, 7.719635781237398, -3.7600164083765018, 13.162572158737273, -4.285339811573907, -23.104479599129913, 0.0622576300763366, 3.21871331590421, -18.33273128728243, -10.337320287023722, 3.6127028997088644, -22.23309377430022, 9.297003220096348, -3.8083888860166883, -1.4738258005860354, -4.383637463460144, -6.7659493186051485, -9.3945595837907, 1.348868890374678, -5.261536876107757, -4.984143157077132, 5.023225295839869, -9.5520486521037, 0.7285067919530879, -15.367529304157637, 4.447591926030308, 31.723150952404417, -1.2673514993273463, -11.556654167870473, -4.842628000333819, -12.918348224942674, 3.9654684836118204, 4.649119903268774, 3.4793879400853993, 7.0130427967823, 19.648374241521655, 14.20828385511009, 0.34545992309277596, -2.789215856493399, 2.668869115978007, 14.658230973064711, 16.20106955587013, -7.5116371979926235, -10.423397215115397, 2.7143777568275698, -12.117571816226706, 7.289813551468805, 3.9339092104383733, 2.1628587817313534, 15.447993334409993, -0.07976927712663143, 7.100643115972595, -3.0457376996245378, 17.89095189532617, -7.013361164553974, -2.9669111880187775, -8.591387327247066, 15.376153370584987, 12.779433220140064, -15.48749324158351, -3.2841734048596036, 0.6152216873820449, 10.568303194919315, -0.23292313288043315, -0.9766892431949228, -5.611699368950042, -8.003380432081038, -4.565288445780277, -10.106981284487999, 0.37926203986790785, 14.936478480553667, 22.97830705623926, 7.626154371689544, 0.3387231636594315, -8.599149803760685, -6.255378080698394, -1.4726693006192808, -0.07193291498601724, 18.264960657568448, -1.5882163222176198, -5.759463267080858, 7.003487630186906, -8.83364820277055, 20.850921108436943, -2.919676360857212, 7.227733299304474, -20.61916350635979, -7.330722101215103, 16.655992755700378, -5.95741229106261, 24.600304511427336, 7.905219571152382, 1.3787589867259564, -7.022296697868647, -5.3236145271418644, -2.8785400344868606, 12.455027255391371, 6.370051186141411, -11.847922933504407, 8.108013190350412, 17.92891376633805, 3.804014050587832, 2.7216175962418157, 11.881441235721589, -1.6332872964672656, 32.19094045681617, 18.304248096631458, -5.146722245940646, -2.690878868432701, 14.07321552502794, -12.634289936521764, -10.825013112353837, 7.40290580099692, 9.10429637893053, -9.466144555538357, -9.052817253956134, -15.578931431297674, -18.61829375736697, 6.472379133264303, -0.37830927544954995, -6.225622510792395, 0.11457483041563074, 