{"fitness": 63.89, "name": "Nathan 1988BAT", "genes": [-6.7913946313698625, 5.836689869215332, -1.5306432633921108, -8.511696630271471, 9.972204819447327, 7.565751404992457, -4.0729486962960415, -5.359472433928465, 19.54648332761095, -19.800017996225257, -4.101119923674253, -5.9219350107759, -6.426159424198373, -5.187179608099099, 8.008111624154337, 8.180151547793578, 14.564438196017393, -2.3393674826880146, -8.864931205945002, -6.096360070923245, 10.267295474191625, 6.238394074340794, -6.923621845891849, 13.70212494798625, -9.678743497342396, 7.461153676688553, 13.605564805639574, 4.341584642843021, 5.024049102867379, -2.1868595613799466, 5.045977796413811, 10.494025392185323, 8.750057180494911, 10.34004791357633, 8.629337595233352, -7.673972870473219, -14.391278394682612, 4.929297652596014, 0.9527457358326865, -7.675948130911028, 14.499549696563111, 2.0135337696184634, 2.6605819419985735, -9.380644586414387, -4.049151318599916, -14.463955327372982, 3.6814009053760577, -2.297372909285967, 3.950957334837887, 11.480961662775323, 3.1153061473918924, 2.8405856544128567, 4.8213184399325, 7.224410531343245, 5.746204987856527, 13.063582865705197, -6.230880807674652, 9.098425292425, -5.110366871775079, -5.1902942324930015, 7.133852762858961, -10.543108328585193, 3.0870917969367233, 5.412082213594647, -0.7467949758334236, -7.0246638638376595, -2.441731165708403, -3.4008589061090224, -7.478900610229247, 7.908506160596429, 12.555375676545312, -3.1110120491342714, -6.5532989714359395, -1.5390721734708903, -1.8721207795629953, -9.514259236995562, -7.0938344236744175, -3.866851429287611, 7.780402176421992, 6.267891742893714, 0.9207240944309735, -8.778791577686144, 1.4240959552319683, -13.104240274520464, -16.989024219929963, 0.8633885669473231, -0.917994571260287, -3.053101437800555, -23.457406953356536, 4.292032475176875, 13.117366774518096, 13.162398508060233, 7.324294400609152, -1.2155496004626773, -1.8162135635969454, -1.3836119005347605, -4.967078346311989, 4.933351954467541, 4.164291497901032, 7.4665140642250565, -22.416927081503214, 0.713874693287425, -7.826355937747442, -7.844935072756911, -3.7451732347442657, 1.3822390373267477, -2.894426942728409, 7.964892492492284, -1.3096820041825494, 0.4183062385545489, -6.6487681659429265, -1.8068720556890463, 1.9978180160911636, -5.485545050266599, -14.810801564956849, -7.236174766548992, 1.7448327411237636, -3.0827980114552562, 2.217403509142463, 5.433850993176816, -7.992625516165075, -8.551347990071712, 12.98538451037883, -4.451638808681848, -0.7273515943097898, 2.2264497450837184, 1.2041374111645802, -5.813292656901483, -7.78315652110703, -16.717077249894054, 7.708499631261735, -0.6971011201661391, 10.33002277742481, -15.126272391858976, -7.1883232035865765, 6.919511141884449, -5.597860565598583, -8.90104722761334, -11.72938282209407, -2.7758447691977826, -5.709157283008342, -9.699611307762078, 8.579111546252149, 10.152391473512505, -4.164814928497366, 8.439740009910441, -6.563298023771016, 1.829019441053213, 12.745460413356684, -11.58754651768287, 1.8343928894308354, -16.07385334529328, 4.781272383892117, -4.108734636447404, -2.0302068398903597, 8.77971098167973, -8.455853244450095, -5.9308397853765955, 3.4575290103348864, -4.885111546503829, 22.83060435492832, -6.386799150895753, 1.8365334953388752, 0.194812280395806, -0.40882947136048875, -5.988047697939991, 12.675843334222725, -20.138188653435847, -4.889486174610099, 4.930856175446158, 3.3601721072661057, 1.910513125768178, 8.88182008401539, 8.54263367053515, 12.46708007550528, -3.893735554019113, -5.443871731082479, 4.236240993131689, 2.527216079090536, 0.37030274023837356, 0.22244629592599743, 3.8615715316341417, 13.173579144445183, 5.079281580551899, 1.4885365898823495, 4.811126139496186, 16.719647426683643, 3.167338988458593, 12.281823294748651, -4.993751944554322, 5.126865625832903, 11.289252604561344, 0.2719278776356453, 3.5833714152281653, 15.687839143324794, 21.32120288040825, 17.32561931425122, 0.0891782518467425, -10.550056028975408, -5.94028610840081, 4.060866678519425, 1.0957745129398042, -1.5215581299196648, 7.7702695246708, 1.7842045912372608, -3.317861387450248, -4.182784749835232, -22.017309105799356, 6.696153840735924, -14.671974223471164, 9.660612981846194, 8.097425061349918, 1.564299856893556, 9.829604442384216, -1.2267151615614267, -5.401614122747372, 1.6938760498938297, 2.2874102199104014, -3.7762821880043544, -1.2386171734963738, 10.159341885421513, -10.485094535082752, -8.15203586663, -14.23849845778324, -18.02910534629731, -0.23385993566764324, 3.501624282852405, -5.8990348058671636, 3.966661593810375, -10.885798063958738, -8.728069231966696, 1.377672939321877, -11.786998317338444, -0.740416313287769, -11.044348350724581, -0.07665065432762036, 10.707762058560407, 15.345426743989865, -6.5778440325673495, -2.9393978939191165, -0.8418779216077072, -4.140918996279126, 5.796469410613765, 6.83328791778163, 13.026153648521564, -4.496679145963497, -20.8546326984479, -10.493870519628425, 7.435988968388844, -3.7862209845265817, -5.084903083287678, 0.3916120495981382, -13.836122203434254, -8.716047630044546, -10.073817742819006, -2.5344113996863666, -2.3057381087825015, -1.6796515157406462, -5.5406866679136915, 17.533089669055848, 2.1388303774248887, -3.964784546467608, 2.152416377262223, 3.8241483024108858, 2.8580701595347615, 10.272854572094566, -9.39617504696655, 4.226862732020538, 1.9912069821230898, -5.512835208020621, 0.9742515744592668, 6.978739490112907, -9.465829497971233, -0.7280349461786078, 4.23322745689974, -3.9389646404074976, 6.472000402271209, -6.334413637758767, 14.083547888744556, -9.312064659016672, -19.66549009170471, -2.1274079907114425, 1.1299393963234654, -18.223175660160617, -8.902912305130073, 0.6426912370975579, -22.076546563587787, 16.895383011706823, -2.7966458859244145, 2.394135224890108, -2.371351585142598, -5.0463311373127855, -6.882405636992424, -0.6308300637822182, -2.989165970158897, -4.978389693388993, 3.883568652351685, -6.804265881031346, -3.5049016191595754, -9.68825131081348, 6.475722150162158, 23.76982896040784, 5.565708103727373, -13.929428058868227, -1.8286873451437928, -5.261525818537768, 7.921122826847407, 5.0567965246176305, 5.452675504278936, 4.049915518557706, 18.82359805260014, 11.984279979408418, 3.8772060310792464, -2.451926605099539, -0.006124405474926873, 10.08660548691399, 10.93032198440909, -3.5005288770371537, -19.591643219126553, 0.35009028955650157, -7.333896060452949, 16.295178503933137, 5.867625478740303, 1.7760479668152391, 16.38210731669687, -5.993891674566523, 11.93041759348516, -7.14308799875344, 18.43269492197491, -5.21213947546045, -3.8214055238504723, -7.534034167757744, 7.565436936991969, 12.572085606417945, -8.222295361729012, -2.1371213915953606, 4.7119628817052055, 11.577437320004512, -7.73073329175757, -6.003530038940122, -7.620224484341185, -8.058101986227815, -8.091504068524076, -7.018959688913427, 3.578468636303886, 18.48853615103313, 21.600185686650487, 8.265335573382579, 2.466936434467513, -6.349616630000234, -1.081416896982125, -5.234668573422114, -0.4812004535039405, 22.986417530486694, -3.0097556790973, 3.3428932179549267, 6.720753572049496, -2.864426517263878, 9.600399907090205, 1.1064098446104775, 8.899611844790206, -21.89736429996728, -8.518803510343062, 8.944838752568337, -1.0486422968082785, 24.765521051227026, 3.6765505279676276, -3.426484294847522, 0.7802787031057655, 5.17880781517208, 2.0820902497401796, 6.341873506117172, 5.8216973464441235, -7.336846894062831, 13.010678392026337, 16.09932289233225, 4.216733421977459, -1.4725050502787986, 7.941840110438198, -2.766783539433866, 29.0246548126273, 15.622732017516077, -6.665055484582719, -0.7023056921295381, 14.66315510666323, -4.950895378513145, -6.061858917073422, 8.422534692510116, 11.71515933603854, -7.965327533213447, -6.083928616238401, -16.871014012218648, -22.687650797326377, 12.79795682181664, 3.886721447867329, -3.674307274901394, 1.844903486438119, -12.766050365366679, -8.405364207071708, 