{"fitness": 66.05, "name": "Nathan 630111BAT", "genes": [-20.316046598513744, 14.548434642400329, 0.7017373019391051, -20.668915399694935, 11.865546518487388, 11.616531455124326, 1.6717585714714167, -14.485915591576992, 19.468637009121842, -19.275110134118904, -26.863581858052086, -5.5665305832719705, 0.4195373677693185, -6.023282698752688, 5.269462860073963, 11.098887525342251, 18.381528692333323, 13.770790774282856, -9.452181369833541, -8.721901265203368, 18.001951278229903, 3.40499556701222, -1.062377796795249, 3.6085951506319067, -12.380066763628514, 0.22835595408061776, 15.868465817254757, -4.700996593631879, 18.91458528425479, -3.648506355167207, 7.921824853676228, 21.815506555579972, 4.823029544383351, 6.601293303848908, -11.778761390379605, 6.736697112566245, -7.771944902031584, -4.237847388601714, 10.547254637225247, 4.451020286360977, 13.394142959062851, 6.833710909100675, 9.504703772120083, 6.6177319876037215, -0.9794286695054522, -19.075317044245974, 2.2244015248922526, 0.41393883287616406, 2.76321711664974, 5.742091344746618, 10.129107568008717, 6.647740647722438, 21.802051615672603, 5.164379941119382, -0.47010564317128367, 21.21132019164151, -7.424642092041256, 4.174001147105174, -11.930510754780064, -13.154023210857508, 2.5078882197636823, -12.566749374723614, -7.616343678117267, 10.49607727151081, 15.145235861354083, -17.15126359361189, 3.66984600315118, -16.995894859271385, -2.9187804199014895, 8.747009556497853, 1.5500484096929386, -9.011793688852707, -13.28406934216954, 5.543405416824162, -9.027243682137733, 5.29349191736227, 0.04918562863205677, -10.024391432710269, 11.991761838263914, 2.784000936489057, -0.7902363638164173, -16.49331470855585, 4.0518575081035, -21.266870611129395, -12.545211391795167, 6.815436161735562, 6.729036874123064, -7.5981817491851205, -25.356821686323627, 5.202438061133274, 15.235529973148202, 13.16597966096805, 2.1059878187685817, -1.7639346372657867, -7.565081537064729, -2.895179218817477, -7.770259635923608, -0.24785824030934644, -0.33108412150292765, 14.755048442127508, -37.88054457467349, 11.406352215919789, -16.229571882483526, -13.845040909074099, -6.059656363293434, 14.040253863880766, -0.030483804243827996, 7.4780523545961355, 3.215803870252845, 4.212131044207225, -12.651454326148707, 3.8258026967847414, -6.367675030869154, -13.372219050376936, -8.794070296188956, 6.255248703298266, 4.029511562876498, -9.031056846312097, 1.1877540747859094, -0.8150924319132832, -4.484035219185507, -24.820445726170558, 14.697167319173834, -5.766344690739771, -6.814976745359692, 18.564419607215648, 7.135141621941517, -7.965089995588981, -15.285475197640007, -12.423677508308, 13.27100311768621, -1.861008884482552, 4.171182655191004, -13.684987947070567, -12.55104499515769, 10.5260251423312, -16.03539346027736, 2.2601691870706455, 4.305665940146584, -9.41637332134527, -13.87720553189155, -7.357322902904206, 1.000483393788814, 8.07022842843618, -19.254870618648546, 13.183515979350844, -5.618092778770211, 16.718850928626384, 17.11412607605108, -16.095916137802433, 9.94321482991417, -9.665737051583543, 4.048067554912926, 1.8868181434175118, 1.1418285516084914, 17.890274734078766, 0.2303581626545016, -4.652372187799316, -2.0965597203621558, -10.982717484373332, 16.966149667663306, -9.82850835843403, -4.000352382057675, 7.7685074397657266, 0.20513450140844947, -7.010613536606269, 10.30267442109975, -15.423014075781465, -1.9206745206765445, 8.337859588549463, 11.628541952864403, -1.7996899964688742, -1.437527565285492, 21.638805930558554, 11.454709807729966, -7.849355781697993, -1.5606004898690347, -0.657121758931138, -2.7878212792799433, -11.176634093312723, 1.344890043537209, 10.35535114332541, 12.001174359049829, 3.6748269649263556, 12.458252404385211, 10.060326245140224, 12.011704251332137, 2.2894680351843593, 15.11334291867488, -0.4851052431478537, -1.9363914041929735, -2.0386894435734377, -1.1660443535808382, -10.115308899881443, 11.531592979118546, 9.77316164449889, 17.89367893439647, 1.6165458057849222, -11.637913305704698, -0.42521225904529614, 8.097516341976403, 6.4583786998953, -6.683014680152398, 5.457106991233762, -6.03940063704595, -1.6830200601327225, 1.3883991233069366, -25.164972721659318, 16.017760822540737, -10.51167732667658, 0.662969561408011, 5.883006763379173, 1.9892904394847886, 11.51768206579955, -16.461075754084817, -10.235685211717733, -4.7790889878914875, 9.441158329485615, -12.935219237749163, 8.07583680613573, 23.144554154725952, -5.3000821252056145, -7.233610246474626, -15.900643194631412, -21.35742838497094, -6.242542476495004, 9.238203023378192, -15.967515642598268, 22.500461518277536, -7.984723202536892, -15.984681667333101, -4.168268512953656, -25.52208566353127, -6.67342105435346, -5.510586169316405, -0.7451379189038092, 5.752375089217746, 9.415029047026957, -6.073648872226946, -1.4226147664461193, -6.422265064637668, -8.681273747559164, -4.796154930086186, 17.877602147841277, 5.196841310433765, -10.9139697275708, -18.555722445181896, -13.090291363825953, -3.519617859352326, -5.182485321306847, 0.7520129537583907, 15.076048434216787, -21.69107812087344, 2.4996828721948923, -12.022332105957995, -14.75522583126528, 16.48604304892691, -10.416161534458023, -16.486354751852577, 6.519922220260886, -8.77359495908313, -8.313470766019236, 4.583878108824674, 6.500837253025749, -3.9726510501588583, 8.480035835014524, -10.179797457649512, 4.603361822988087, -2.1979212090318776, -6.929443558057719, 17.130102805072635, 27.0744828428018, -5.851825801105193, 9.981054978730915, 0.7024916581585124, 4.030685148956713, -0.6089095434606119, 3.061328915651049, 7.38565013543153, -8.74612915640376, -19.558824820214003, 5.622131124408728, -4.193620096864923, -21.693487755725645, -19.412894465431528, 16.68066301282075, -23.347425411818158, 13.209374662002848, -5.871096617691407, -13.186238984884557, -4.999108053040995, -3.8001059794007803, -3.3925737858985556, -0.44583477612335337, -4.127757406731465, 1.8866865264135066, 1.8028156632742982, -10.366754577711141, -3.865905740343133, -6.0020591342288965, 8.030822486207162, 31.705637917365923, -13.230507577450211, -0.894704602344331, 5.258664082405861, -4.6654545935004, 0.464721376095528, 3.803632972230427, 6.600128939583081, 7.548754066397458, 14.990423601458199, 22.211100984771708, 4.6460555789092, -10.285587572814945, 8.72833662780274, 16.42793612950778, 10.268228001879145, -10.258241903097941, -32.05743987084358, -6.170872733284907, -5.621171213919019, 17.556333741557776, 12.897248295493572, -7.875848344003649, 13.820262021943428, 3.213208963087544, 3.5507966345857604, -4.79568533958687, 18.666476923755287, -20.972515969553815, -2.7988657167759743, -6.0542579845486735, 16.78047679795949, 23.54217349025941, -20.919889080008474, -2.1682806028694794, -5.600243358647155, 16.77044015141069, -10.175444598090992, 2.6801097417603117, -6.879540193888954, -3.821151412040619, 2.670492046473234, -7.474945910401952, 11.26211977308154, 6.201419792712234, 18.170290029088736, 2.6284992377273313, 5.397734997979229, 4.211265510904379, -9.304279895013275, 4.98201482712292, -3.8385613223615462, 15.145038297853251, -4.278841774560889, -5.129020394567949, 17.982378185412305, -4.249586713785282, 18.89979665174595, -0.9867719104478337, 11.092554312101132, -19.435890663608113, -6.399229308910879, 20.76067745655196, -6.9692665123633875, 23.657956179290654, 5.665607469106783, -3.0572686837512526, -4.3827414702881775, -10.523823554801437, -22.380527260026117, 9.183397147136224, 5.163162417845956, -6.088676667123388, 14.402592768964745, 25.28085594172706, 10.555407618868069, -2.086792394246954, 13.282237121903941, -7.099267223048158, 27.395977779845182, 13.662733667363728, -10.378803799332331, -7.625770658526384, 18.85506847194545, 5.076532170465129, -13.907098257282374, 6.231040152628816, 9.041620651420233, -10.88132180403795, -11.407173007294858, -7.213369265179565, -19.86771662120892, 6.681876476227038, 1.3680882733798663, -6.633351892771333, -1.298347183305982, -17.71320286680764, 