{"fitness": 64.09, "name": "Nathan 97722BAT", "genes": [-9.900597374219279, 6.35438436461606, -0.504894449819885, -7.959021869488654, 9.387133829322376, 4.06827467266775, -1.9331207656507285, -5.707794958290279, 19.403796925972124, -18.53636559965733, -8.045285299391725, -11.302382790049958, -9.81621447395849, -9.034031485944826, 4.4861042174837635, 10.612877279863577, 13.453040160481827, -0.7851312565257396, -5.33869868895579, -12.420429819344708, 9.436410502903575, 4.427971552459368, -0.4756113765574038, 9.336030232468167, -10.728673348635324, 2.5222440778124513, 17.10363462988703, 0.2558947380121985, 7.26375088241129, -0.9992361145419271, 3.6761719142744407, 10.82576834303713, 6.389309577800126, 7.446372825761576, 4.13984865757728, -9.740922511165198, -11.649557714969593, 8.216649122831257, 1.0813816224364523, -4.537740498187902, 15.82325504816414, 1.8998416412601213, 5.781097635169057, -4.986566108668867, -10.19440933054837, -16.704754633964576, 0.016612902574063268, -4.74893421284774, 6.11373996625065, 11.395228606791306, 6.069426062665776, -0.9514436837774778, 7.481129619253449, 8.411230672877949, 1.1630743050463572, 10.61443811639708, -5.168446495400759, 8.848911152711134, -5.703943034247752, -7.001780017497771, 5.482503521703797, -10.805491770421517, -1.293862951839359, 5.295605132234484, 2.3264408211511314, -6.851876431223452, -1.2915936511604085, -6.827438695677216, -4.963019566634522, 9.404115399356604, 10.170695588586211, -1.5674102762218776, -3.6083869935943875, -1.903757223526307, -1.6608123895493556, -5.184474514908741, -3.582784052846782, -0.9942405968605478, 11.151425483756377, 5.824723027050015, -1.5724816522722822, -10.650519469169556, 6.068809584515582, -17.41058521776334, -16.812067960354597, 3.685284157241271, 2.1042639693853435, -5.575793914865023, -20.363634446500246, -0.2381019276606828, 11.745636741283318, 8.809325124789295, 4.305712467732481, -1.0564156113198886, -1.8281717632422363, -0.5766960084693311, -6.711571660698554, 0.28324872703750836, 1.3030703101919694, 8.797094028840537, -26.00969639761228, -1.0842622107238602, -9.313093186919385, -12.10925448211127, -3.2298008911145493, 4.418023810655191, -8.68782594266616, 7.824822130351905, 1.4876054737137858, -0.2231733584401323, -7.209874386088338, 2.7349536674127717, -3.4874549174901555, -9.507329642022395, -15.23154411750772, -3.5152413082419525, 0.6107490341251441, -2.4875584303011653, -1.8284741903980861, 6.816877958545506, -6.605957553444896, -9.678597180697635, 12.31270527848344, -0.3533215650977304, -2.4521062816413997, 3.2296089436753492, 0.12720397050210258, -5.299181375882765, -7.508808534850803, -11.561416459919974, 7.173059498201539, 0.8753167651353752, 8.465556493895177, -17.46429058732371, -6.061654091381776, 7.559767878349984, -6.734326957560504, -7.109550694854339, -6.506890442517842, -3.0813873071916085, -6.8961801905102895, -6.873395078779659, 1.2649631244871782, 14.08261158534023, -4.6426952802862855, 6.92791522193277, -3.8596130365108072, 0.7181962581403077, 13.552926468901664, -10.025069114303976, 5.993484448957762, -17.20934775931903, 7.393634224666834, 1.672441548302434, 0.44478984928273624, 13.090275128097655, -8.197154811197086, -4.5782710729707325, 5.827709933088841, -7.11592935708991, 27.596443595958494, -7.886625936496576, -1.1999924565355096, -3.5912187983112878, -4.710495115636576, -9.312086774471423, 12.021119542108961, -19.595378287091844, -1.8286575518827384, 5.18377546413271, -0.18827638943825112, 4.259619812535872, 8.370037264589637, 9.494077964671453, 9.081770590398373, -4.631057451021803, -1.5210202967692523, 2.607223403811338, 1.8393551786832432, 2.0355767389949366, 1.5159676757267502, 4.241270096740347, 12.533895222237156, 5.669573189907729, 2.311852479616565, 2.8029421337011717, 15.299436139914876, 5.168965444718288, 11.419399240183711, -7.739374162508912, 4.262608866259452, 6.558833603617913, -0.8732945420405291, -0.6721452824298317, 16.027486068023915, 20.27849453461927, 19.355027988822386, 5.772680735114028, -9.709324983688457, -11.810740747283605, 2.3221642987902626, 7.089119583204043, -7.1902242161432675, 7.128792558172242, -3.1372534260324754, -5.070663058237746, -6.992815824145737, -17.560244868230928, 11.05493814168421, -11.468287544313336, 9.956108217573389, 11.755386872195396, 2.1527740064585417, 11.871851061767417, -2.1578106018978414, -8.221244213708143, 4.952371419721658, 1.6178198282991698, -7.8129578057625695, 3.493390518658231, 14.288562187568763, -5.453983638687142, -9.150043465191253, -16.47981741510353, -16.182147109450856, 2.1953797842242646, 1.040842201663352, -8.185358549669855, 4.449205439034206, -8.621019813508838, -10.735761871555784, 0.1301707731363106, -17.668116328803773, 3.7438444326773954, -8.184708408829607, 1.5017818670207033, 12.458565721583563, 15.399533517210049, -2.635824405310798, -5.424035119358976, -2.1831578117171713, -3.41978434544001, 4.148735485521884, 8.71912934678401, 11.660292996735425, -7.897989433621782, -22.969253650271135, -13.004146519728648, 4.546246887942837, -8.765097452104168, -6.8927835902524235, 1.868849458587289, -19.376379770654996, -7.343895477861315, -6.74845993610897, -0.8570271045378831, 0.22334407004560722, -2.725056537778199, -6.514991070528407, 14.73763911189113, -1.0642989789742707, -4.062234919505991, 2.421863004527979, 6.1646007994774905, 6.73426224654502, 12.328480308329288, -6.334202443174127, 5.230840999261618, -2.11195289102309, -4.420552813625958, 3.5623517734481203, 11.87560211471676, -13.520564078262902, 5.502452606735411, 1.804631651306298, -5.9500604394839485, 3.9817586708124417, -4.918604270276932, 11.269716361062969, -4.373403191715649, -23.05883361778405, -0.9657033216713657, 1.3584798958528088, -18.985838053780704, -12.3549011989291, 7.243579755116442, -19.434786435648775, 13.793511249404693, -2.5434347430455677, 3.1112680520997, -0.42138730150406795, -6.773983464468517, -7.982035000727029, 4.509684881529119, -6.488005567280954, -3.4378303828165606, 2.868112182856953, -7.371389689049938, -3.49179911742525, -12.95009044469437, 3.9210831586172525, 28.308404372144643, -1.2568639830082324, -13.771895381076844, -4.9427942625438614, -10.366547086933734, 6.552731853054595, 2.142447024843522, 2.7528714699935666, 5.142416692634782, 20.861526212814994, 14.511390269544206, 5.217449440752537, -0.18412991588381616, 2.427610881767962, 15.244465555195571, 11.25764695451338, -6.41883988538531, -16.148085106388887, 4.3153431874159525, -9.136504462996152, 11.962016828793569, 2.4692368817001387, 1.1252230148640527, 13.080162892447825, -1.453638035967208, 9.196227035477246, -6.540853168062537, 18.77558516819514, -7.880628665680437, -1.9559785462974995, -8.127664952276728, 11.432322543551383, 13.202076120569822, -7.262247473265579, -4.593983972653927, 6.404992060487123, 10.67367244031604, -4.852097596981796, -5.3415775856337975, -5.613438744261438, -8.988530367595361, -8.037793335007883, -8.557825049857037, 0.5938558607312089, 17.993064719363687, 26.97145357154266, 9.34885171168498, 2.281086096516438, -5.628611245906178, -3.134727693360902, -8.852967710965402, -1.3782627378604186, 19.709474183917607, -0.8014098980632719, -1.4913088388707996, 8.906100925034343, -3.6509193836159595, 16.375018457898307, -4.220555136087788, 10.111189854605714, -22.89020747585157, -7.937869843584641, 8.961656816953044, -2.7696837042672073, 25.1850793211844, 7.750727714951805, -1.2153244965784153, -0.8805938341432324, 1.580774381939463, 0.5324518823738668, 10.183882302273103, 8.537868174149953, -12.447822363840169, 13.532440174969532, 21.147042553920272, 4.006068107210757, -2.11439061052993, 13.31122976444687, -0.113039667953538, 32.38752379325513, 16.224961859162438, -5.4406438681057, -5.899190187611705, 15.909567749141727, -8.69508856059097, -16.811088665676483, 9.155809006683048, 8.887418064061128, -10.91907357821612, -6.807532604384033, -15.35497460942893, -26.269666777931434, 9.732693797059568, 3.524612387040939, -5.421203335266062, 1.8970131297989286, -11.003343129154125, 