{"fitness": 65.07, "name": "Nathan 213859BAT", "genes": [-10.810908248031335, 12.743393043989915, -1.2706904429921178, -10.233188864067753, 13.761579711065563, 7.020432032150445, 0.12826462848341258, -12.686984923700287, 20.139044294832484, -19.638430531186245, -16.804319439651795, -10.42716047465576, -4.053127164099098, -10.22473244909526, 6.87611528955443, 13.466901630296498, 10.660110686392443, 1.668606736556719, -5.68070463765001, -6.791384680445782, 11.85742236222474, 3.165048684935251, 4.158984100829059, 6.398139575381005, -11.419748727956714, 1.1415484367665996, 20.166650354733424, 0.058004702198582, 8.63364043897624, -5.45856007103264, 6.702504974679629, 11.64147526570851, 6.643810972571334, 11.050711758102302, 0.1620705348249079, -10.885808017976434, -10.669252485710931, 8.365545754795185, 3.047163739704191, -4.840695419906055, 14.790231610786046, 3.5714984673061565, 7.8932519902747105, -2.076087042479868, -9.172916893392237, -18.364353381808748, 5.78183779428609, -3.3792621315743214, 10.106667531879957, 9.43755471238188, 10.511991966152483, 0.14798197259765583, 15.069650588474152, 10.862013287139314, -1.0780552053713552, 10.232295746465608, -5.315930130084222, 8.636415256928082, -3.9593208941123237, -8.836196899559909, 6.781601428455943, -13.384983493572765, -6.899618862658975, 5.2784464343815864, 5.595858308900741, -8.555696696973321, -2.29198772765861, -6.595022775523815, -6.312532283644822, 7.676702694472979, 8.927105931825924, -2.5499734658718407, -2.016379582946808, -0.9725913510804832, -1.0002785816233097, -4.265971851878359, -1.9128121524579513, -2.045437113026644, 11.757058833574645, 2.1732049775184197, 0.584011114010107, -8.81886080271543, 8.907281046601534, -16.67361703312836, -11.833460880355323, 7.47532451291651, 3.2143427425999778, -3.738676970752548, -23.28116045156835, -1.9024342378536712, 16.667918067067674, 9.099058047586817, 5.550108912924244, -3.860833344556483, -8.845530507113821, 1.1805805539066108, -3.849324608864606, -6.059014305831144, 3.494498289904752, 7.332315647382515, -30.717733958201435, -1.1590496483286443, -7.901792472959352, -8.14936134494398, -1.3887636567359416, 9.272883823242797, -5.784221540916173, 12.141306987720945, 0.8501459115386446, 5.241508628506411, -11.095842141168587, 0.6242447003690282, -6.6992286432834645, -10.41430148162596, -14.338176987264912, -0.5403220581822761, -0.31164587861577253, -0.8201973970312191, 0.3420163266570469, 8.817048848709051, -0.4869821078404759, -13.731957607804555, 9.8027193204728, -0.2238594086789899, -3.137760101361147, 5.259356245139322, 3.024798850676783, -0.43224194200000843, -7.676901148315354, -14.608317200564603, 10.96967987550386, 4.816245930532147, 3.2653472414523126, -15.38351956934108, -3.720381579489981, 10.202179591242578, -8.995602310798256, -5.876399422826076, -1.435690417591259, -3.2734881243690936, -15.629272273347986, -5.7798694101630925, -2.910782291408998, 16.36080974138338, -8.222569358626217, 3.823811091229255, 2.154592794817816, 9.141154606549787, 10.683367327221134, -12.923661607362046, 13.316426616192137, -12.347415854922644, 8.274885668962458, 2.850990010943635, 4.276638855854783, 11.16970634328429, -6.098040353883754, -3.089429559176102, -1.5065774611629053, -14.332002137057652, 25.972724701628522, -14.901729170316772, -4.209462566982653, -2.656765682037933, -0.7585082064229907, -12.579239151475559, 10.106999471069736, -17.926578939232453, -2.7242108733031807, 2.4840569038979177, 1.2879798736699128, 4.16954498784261, 2.800611213677684, 6.618065769772577, 7.24152827463995, -9.750356912570503, -1.5025097811844166, -1.6475373750690372, 3.39146963388899, 1.6181524952216375, 5.162600769722956, 7.878819860529856, 9.747686172483395, 6.165234408867368, 2.0250954887068047, 7.635104157357854, 13.309250534694993, 4.598293982136677, 10.070153151804393, -7.971775594321452, 0.7491638819994286, 1.4658534935992933, -0.546356718458831, -0.30097590082924874, 16.468827026305817, 25.033151319451093, 14.94318459235128, 3.074214917109875, -7.61796103228071, -10.829183535222827, 2.994292621838742, 10.06885171655012, -2.979250446173588, 5.1061824845561645, -2.1475321346313807, -3.8324013717178413, -3.9554253853171373, -22.98500632230583, 11.157675761585676, -12.03929998148751, 7.649437946983775, 9.735635356671258, 5.544085117403168, 10.556592753029518, -7.10288274721263, -6.033110063613151, 2.936757352984319, -0.06466559256945767, -8.72706738725849, 0.4897764006450531, 15.145653761410417, -11.650461789191215, -5.999201922046344, -20.0322636403052, -17.45450153987276, -5.071209673879415, 2.1134153702163188, -6.333762960728892, 7.072976806334236, -1.8187594304812642, -11.022113522175365, -4.134948640572096, -18.080300260712374, 3.5175915481413034, -4.844571130877029, 0.3652687691756066, 11.526856945034146, 9.599736072169822, -4.196105479254134, -1.3695366270971268, -4.449370106938217, -2.6142163391606217, -0.5707925817550947, 7.536817139241228, 10.96629414007633, -9.157093314038143, -22.418345969618834, -7.664018685189847, 4.762685371395945, -2.158720716318722, -5.822172514475117, 6.899115967442726, -20.724388767053828, -2.0157382142339935, -9.076588386945318, -3.740287937979058, 6.329414298822065, -1.66285736372714, -11.76230747507668, 12.052815162990251, -10.860234779737494, -3.2794457862677557, 1.424330785632974, 4.8819787892793585, 1.9166198356135578, 10.75877217418502, -11.730757189147486, 0.5711482236014334, 0.9314099889427587, -1.2147217223184579, 11.535010851081262, 13.734306928648047, -10.308795763151279, 10.108101631986885, -3.1321195857041513, -8.42574590608596, 6.8583504702199525, -4.829591288922765, 12.326280592797678, -4.002246466033555, -23.624337378927333, 0.1105321137006982, 2.6829053131190967, -18.622220399930647, -9.659817561268033, 3.9828517886910864, -21.86633790759682, 9.455413300674168, -3.097657825164483, -0.23751576221458848, -3.6899365164823807, -7.442834064679893, -8.853152670200393, 1.461112467857745, -4.728959355676947, -6.404877415909824, 4.444536909547787, -9.272153201828077, 1.0658694157844701, -15.839896133851557, 4.2178495617248, 31.577938805781756, -0.8794493014467595, -11.386946396864827, -3.4959745462371687, -12.626312429157116, 3.9158356748274854, 5.1178904370937985, 2.983500276432053, 7.111906470110769, 19.377443054846758, 13.77453078984987, 0.47626434038522486, -2.149119623842138, 2.6131155510375015, 14.960706994837231, 15.759354260841793, -6.944281942625541, -10.553496141396339, 2.481961538881795, -11.677570059603866, 7.9685519166489005, 3.879996301742251, 2.2568968162178873, 15.65794434776094, -0.28206606543839485, 7.117237001077917, -2.7851967315446906, 18.071267679014387, -7.305031962344203, -3.30970415105935, -8.333175595431255, 16.039000620048846, 12.184263502946008, -15.495375960835668, -3.521465467477095, 0.7664137847714141, 9.196657147987475, -0.17967628202451552, -0.5280404509987203, -5.772184137713092, -7.937322519494498, -4.448794795353507, -11.159555363801447, 0.7310926345166113, 15.303647155728187, 23.672330940773247, 7.571317766088246, 0.7569069364161163, -9.05294058775686, -7.259242490000629, -1.0613302577157537, -0.6394820065797263, 18.701527727914296, -0.9617491876221691, -6.057983344637194, 7.129295038277395, -8.243253210393508, 20.8419133149777, -3.2468460335839877, 7.62377750471369, -20.879844946741496, -8.079789509345957, 17.245951546496723, -6.098172699747772, 24.754233154030732, 8.719585910619255, 1.0756685756136675, -6.733611159615411, -4.2244392737135215, -2.2831395394274088, 13.111749233906286, 5.647990248283404, -12.083131947836499, 8.55331394256402, 17.548123792820437, 3.5967029420209435, 1.9336830937581524, 11.386352894691544, -1.9719315901134113, 32.08015877066334, 18.290595665899886, -5.328608694448783, -2.92586649343084, 13.41828350430932, -12.833052256234218, -11.241601253010089, 7.538473919610998, 9.428169420131509, -10.052437998994307, -8.973731548778622, -15.352585300620442, -18.412673009982164, 4.861133213031487, -0.6772917845606196, -6.7367965383796395, -0.24948039212557804, 