{"fitness": 66.77, "name": "Nathan 649351BAT", "genes": [-16.9053774814139, 15.193679560264338, 0.9250155685139919, -19.149754819269532, 11.599008753203718, 13.148613580379177, 1.351859066461672, -15.038447169466739, 19.38084875964355, -18.39722788108864, -26.893506712289465, -3.232556107129037, -0.6662118763649018, -7.509022976742859, 7.903378372194186, 12.704998061635239, 18.414849799729897, 12.849658316567183, -9.801193945056323, -9.040206984698328, 20.07508243486728, 4.35769626621688, -0.8855929915974768, 2.745328858727447, -12.57208527816575, 0.7640684389042278, 15.55729923069197, -3.6841451799112632, 20.829045787447335, -5.351115852032411, 8.24918010134362, 21.837758398883075, 5.122838146292201, 4.149061266906182, -8.947727845709093, 7.353838121709381, -8.245595566826175, -3.8361326695757993, 10.885602105833518, 5.549958952093689, 12.994757512286213, 8.488704416947234, 11.086464606561291, 7.627028578900348, 0.6012729567743912, -16.845183335185343, 2.8831092677550894, 1.4876922604486704, 3.8140858639777395, 5.158520688082469, 9.493359484336697, 5.367369991609981, 23.387999969885627, 5.330349799501198, -0.4955186661754465, 21.049336097119923, -7.282733924202198, 3.819885514880558, -11.44569595859661, -13.16883090967732, 4.814110492686385, -10.563785521936634, -6.8177999854985485, 9.565110858695816, 14.182568243723189, -17.23381738606224, 3.6042866622909573, -18.596386293078165, -2.8728615244010833, 7.762685074355975, -1.5369006406038266, -9.287793760146155, -12.57203741970483, 5.324475086631181, -10.17417404421908, 5.340534449604653, 0.4348521097348993, -8.347641255086327, 10.406730070769113, 0.8855598536565917, -1.4433095453487828, -17.352992743753184, 3.3972950683292322, -22.684936609029034, -12.389406276032243, 6.5173781124866155, 5.8702498284357345, -9.006815508679637, -25.162266640938796, 4.732970766683365, 13.082589254108292, 14.905716607706477, 4.412589888212607, -1.3746419509948178, -6.511278720490702, -2.4342257377280134, -9.346198669326501, 0.9757057779573559, 1.7751448594165231, 13.783560719864273, -38.308012694628395, 12.594961294722967, -15.54319455583792, -14.972579572531295, -5.848604317595043, 15.131925820684119, -0.5321923250654268, 6.7755989668920185, 2.919765527631651, 4.568094902341883, -12.330637657365733, 1.9045260236693204, -4.790153270599682, -13.241874408382902, -8.947855070429307, 6.642211621455923, 3.7129429179202984, -10.264172502683204, 1.256396239296567, 1.779613110113271, -6.3190724787589465, -23.419479115849608, 13.20519707670379, -4.077490047076362, -7.744762250632233, 16.945366833776387, 8.929060366548967, -9.399456219040054, -16.27061409539076, -11.660838370695448, 15.714173604938562, -3.2486963269672, 5.323187879738722, -12.454826173778148, -13.498361176758806, 11.196471834364985, -17.455573340366218, 0.9258429815317497, 4.783034343628516, -10.35781228778196, -12.912493264765269, -5.954032681223372, 1.1193023673238347, 9.623578028956533, -19.777494344049405, 15.181886340125782, -5.47384209286737, 15.545263557363624, 16.83101782284739, -16.152947463951975, 9.232290386780937, -10.48501352427083, 5.499478040126756, 2.4068790004328706, 2.5885298006300785, 16.86357346644497, 0.4287630237392599, -3.7858744832938878, 0.17764338308724228, -10.16995074750122, 18.544995312907663, -9.964902216470128, -5.043721798033199, 7.509721568485401, 0.31599827046190865, -8.967402721536027, 10.273349106666911, -16.754043040089, -2.3521591127424917, 10.812950293860421, 11.165306159954996, -1.4549032304406357, -0.37728145412948855, 22.752026557813227, 11.950833032035124, -8.025691431080512, -0.8676528706040338, -1.8500313540563247, -2.1466668828030904, -11.739583291883598, 1.459189810711337, 10.758924033442078, 12.127443567297858, 2.956451217829015, 11.732831362772034, 11.48561372232743, 10.770700053017865, 2.453424952579501, 14.795041569933945, -1.9168467728770069, -1.6043601491308928, -4.259335933578888, -1.9005864940309218, -11.7172401971683, 12.27260116257296, 9.540861181333426, 19.720794527508488, 0.8260420774469995, -11.439849682358961, -1.5657162024845865, 6.355721540989645, 5.126000436155791, -9.548859912433596, 8.257492243092408, -6.533356171662912, 0.06011696875703508, 0.6917669554626324, -26.664444691651727, 19.972388509926837, -9.13399812404335, 0.9646567264620953, 5.645750446874967, 4.496258973454945, 10.562497159293363, -16.397126783629098, -10.153896792532631, -2.405273845903787, 8.767489100523957, -13.843520506924362, 8.32449630111026, 22.852650956200627, -3.8866098044138826, -5.619409404175884, -14.01271001081778, -22.222035209634257, -4.24708870496519, 9.415898579296876, -16.576529921872233, 22.800915277238335, -7.110066878336956, -18.08890282707289, -4.706650990944975, -25.14662084208824, -6.72000126001673, -5.5332221227950305, -0.9623507588124369, 5.193066247632738, 11.420871395241706, -4.232477700974773, -0.997960278514268, -4.9934240946414095, -7.820161375518047, -4.9181431748275894, 18.394457293901805, 6.972659692629165, -11.630043618951388, -19.2644506631195, -11.341156735499402, -4.546485680344367, -5.6908050991376715, -0.3263035570643874, 14.622107346573676, -21.72791188322649, 2.0698044935654587, -12.312133550463859, -13.400121615177175, 16.26809948346344, -11.248498493636797, -17.48505735558956, 6.660524152891888, -9.169783206637764, -9.236118047942785, 4.587823094423305, 6.694650275921131, -3.966324323075597, 7.817150568931179, -11.35515329281684, 5.673255203968026, -5.612981435248972, -8.085146096803632, 16.870938323532975, 25.976678647167844, -7.21483562243055, 12.887070058370602, -1.7178523238184151, 5.790035228375751, 0.8923284759901108, 3.5831691910885373, 8.372753681633947, -7.826825204883231, -18.30269142308751, 6.456531493059993, -2.173428135174283, -17.738580294179684, -19.685166918050133, 15.354772230823166, -24.384229294003774, 13.908751820620683, -6.499539979313546, -16.007305618976037, -4.8358585312794, -3.8907436443630457, -2.6287934240980184, -0.07976829855978829, -6.873927594449697, -0.5684911579126157, 4.101168642366927, -9.148634003167224, -4.236586378608315, -4.973651368862976, 6.971447169163928, 30.89918299515301, -11.225579315404987, -3.7105581833671746, 4.385931385701857, -5.12198548647862, 1.53572532668191, 3.969287386185008, 6.339614462174569, 9.4834425646989, 15.802100492382314, 25.01458527797924, 4.608136116823174, -11.384909148875725, 9.861174037559035, 15.604896494180828, 13.067068504728102, -11.439646762052085, -30.225566721214683, -4.732851339025974, -5.728469917069759, 17.786791885035615, 15.6013414299927, -8.816669763197414, 12.068158908397006, 3.1234707994502995, 1.2892407213376649, -5.467707033381957, 21.316466521634606, -19.928007623820093, -3.546538819374789, -3.3977444614634553, 13.704487173315053, 25.06858014526899, -22.866395123649433, -1.9202008259933767, -6.398031473090142, 15.510828088251756, -11.176140409842107, 1.764181260269664, -7.07047694120774, -2.0224244907590054, 3.660809076210286, -7.390659540893138, 10.403213219313397, 5.314450778032799, 17.425806363814207, 3.9094046461343326, 4.4662847223732545, 3.700527272498963, -7.848891662100588, 4.275827324119662, -3.288288522440914, 13.905099833528539, -8.335539715892974, -5.434038970900386, 17.365816430880876, -4.302771784813475, 20.15490600679597, -0.5141278292160227, 11.298939490144434, -21.74257096003144, -5.947712833774451, 21.20556773092862, -8.335809072503487, 25.394547727759615, 6.564532532271588, -3.308516011813243, -3.584303483672724, -10.70324438854405, -20.920980508115896, 7.429901025156993, 7.553217869965234, -5.325676664211508, 16.152072866333967, 26.327240293501852, 10.78723342332354, -0.6129520084310031, 13.767523549871731, -6.797527614558062, 28.7789677373678, 12.670391508492813, -12.388796801983027, -5.530674659088053, 17.955636788099383, 3.5196958562154146, -14.233416624103027, 4.834512959795239, 7.572164611999009, -10.700080300710392, -10.834007051046076, -6.46370072074364, -19.783004038065954, 5.726962284049504, 2.152058556999898, -5.897340221640824, -2.022469870710151, -17.09110126726892, 