{"fitness": 63.84, "name": "Nathan 1397BAT", "genes": [-6.835681290326347, 5.895347068259625, -0.9051334211724803, -8.37698315438405, 10.031824053671498, 6.9277707026270825, -4.539675843428626, -5.406472126113518, 18.877435895878293, -19.675127257788677, -3.4528543177250937, -5.996926511241432, -6.5400354682036665, -5.272946674889229, 7.829243165585646, 8.08189986515953, 15.1166655863356, -2.2237213611230624, -8.92236916023449, -6.01676691082367, 10.410061067669057, 6.394503252574989, -6.820362105612391, 13.902929242333936, -9.807447129475399, 7.666615445779223, 13.3771409992009, 4.20270442093454, 4.738695327267904, -2.4900414939094846, 5.484610099134762, 10.418105845155404, 8.924798457630565, 10.158334784293576, 8.812728397813972, -7.560067518761004, -14.33222250361654, 4.746186121047441, 0.3465542440358417, -7.784697307094101, 14.930499876331085, 2.3507065081943623, 2.17675275062351, -9.41583706094174, -4.135129379067155, -14.552341739446037, 3.5654265973812507, -2.485749065968437, 3.8550729207192274, 11.71897410464673, 3.1963758821643777, 3.129933026023335, 5.025076067681997, 7.211624380349935, 5.587890821343045, 12.835107249422599, -6.551522469042122, 9.160254407769141, -4.967480902687804, -4.918509676259538, 7.18084426471574, -10.498427810584152, 2.616054906990565, 5.375444081036188, -1.1549441516026904, -7.282802425864054, -1.940837205857026, -3.333011994200188, -7.647219219957831, 8.087463756672603, 12.222725258982395, -3.0349694884891085, -6.633309821710455, -1.6573752163971363, -1.7444891892966332, -9.515155519193772, -6.830464212226694, -4.090132458813695, 7.912942580604356, 6.266374760244784, 1.0145235655101696, -8.373136382290104, 1.2010637719218247, -12.88228842931251, -16.94258369793456, 0.6302639622173779, -1.1704582813136872, -2.8183412588799714, -23.13193542594115, 4.304012213812731, 12.663212356930956, 13.019053598535006, 7.388317942052322, -1.2783756590877446, -1.5756675304131513, -1.5857783326733743, -5.401621061163588, 5.155034598208088, 4.0498424736519505, 7.3869463815977605, -22.39973256096951, 0.6362307510394267, -7.7276013861567305, -7.794080425794454, -3.6870004170094957, 1.3903003825499403, -3.231139430102493, 7.962494860091344, -2.0425434329029826, 0.6443492675138047, -6.921087467980052, -1.5498302324654918, 1.7863100937922531, -5.233952070582024, -14.768158438107779, -7.243747086375558, 1.50821533578658, -2.985693154590795, 2.2636644562783315, 5.256369421578146, -7.454978696254272, -8.680669992340183, 12.824036438655003, -4.481971173670918, -0.28163788934050227, 2.1764256047261408, 0.8750966747335243, -5.708466281633615, -7.586054300200537, -16.454359873655562, 7.638965345959266, -0.6304984553848771, 10.42373453900603, -15.249890218192485, -7.258575022942849, 7.111189612117376, -5.324751873640615, -8.693650203238283, -11.865385451347697, -2.7614710849041235, -5.430561894246851, -9.735084457266085, 8.41158618804418, 9.929516667239591, -3.7991336820150012, 8.525181943972461, -6.081336343803346, 1.459505383335831, 12.601058379987807, -11.66192566886083, 1.6014662451849215, -16.43722836828042, 4.862411789457684, -3.9936227942657507, -1.5733672707336495, 8.988645055170812, -8.539133579292832, -6.1578278253377885, 3.5245335753942832, -4.6189037630169025, 22.889753655472354, -6.584083929835018, 1.4747712527070251, 0.3458780170195252, -0.6131537328821202, -5.756574709516812, 12.4574698223756, -20.111857338276142, -4.64507845473082, 4.85027219108633, 3.163262948665034, 1.70690566413577, 9.215728415006996, 8.209090158830975, 12.293672476788368, -4.036631429834748, -5.681056701446208, 4.451698715116155, 2.3028198517654674, 0.5106170143710491, 0.05703375701465567, 3.9773505864430803, 13.729778767006996, 4.7845901865786065, 1.2147454852031787, 4.831127256232473, 16.25023588627213, 3.0397237532691688, 12.141246874432124, -5.44035007200525, 5.423538962783425, 11.199999261981214, 0.30036482287140387, 3.4050981594791976, 15.300341727159244, 21.245844786608124, 17.194587159795784, 0.2892454997893998, -10.677667633625072, -6.319911418744419, 3.98185892295784, 1.115569673363521, -1.5129195003508713, 7.673138802076891, 1.3567034708060282, -2.9864593204182643, -3.855564890047099, -21.96329279842679, 6.61049186989348, -14.741411268159458, 9.504126480797645, 7.99615618082918, 1.6763096120757024, 9.903062255127406, -0.9112122354229921, -5.445999769655684, 2.071782801204189, 2.6038336257344534, -3.563298578128901, -0.5926696345372818, 10.142043057292161, -10.652254648922613, -7.8654353683138165, -14.28990216258146, -17.978848730984645, -0.20019346107827105, 3.872179312426598, -5.798598682173107, 3.8589302367906835, -10.581846934893175, -8.540152015757345, 0.9941902080191954, -11.721757474457032, -0.985120206858756, -11.352601089120215, 0.17232414576821298, 10.964103781119247, 15.604665595710006, -6.589521918513883, -2.813624545635165, -0.8668299102597322, -4.190252920873278, 5.932611135130494, 6.928792456352655, 13.39901588328383, -4.821715724448351, -20.84211445525757, -10.302175078207156, 7.365324391601447, -3.5877413790676074, -5.059741543142502, 0.6886284706007441, -13.683157465501973, -8.793481033181534, -9.796088016507017, -2.5316720194333007, -2.0376162597832357, -2.09854559127656, -5.568514868859475, 17.732195393666316, 2.3130810351560833, -4.024511954009916, 2.3377205229726963, 4.094586681363443, 2.972350743694321, 10.128236716541458, -9.03588777222282, 3.899492933321359, 2.0963040600196776, -5.576338930117253, 0.717425120199067, 6.648558288190225, -9.446039597112977, -0.8866530791437103, 4.031144874223626, -4.479376096461707, 6.321928493374191, -6.487895597363562, 14.259086390579315, -9.470505263789185, -19.811003218744883, -1.8837187363079781, 1.0649663249799894, -18.881954773426525, -9.40218802211568, 0.34912953363298027, -22.864897145700365, 16.767796423428265, -2.8256329026931417, 2.21213777684382, -2.2130677319128678, -4.437244399906969, -7.271093901587732, -0.6014020278754351, -2.957007218800547, -4.87279714755095, 3.743515324563597, -6.823058657219449, -3.423186848686944, -10.014666683223501, 6.3618978531031924, 23.642715399672966, 5.577575115637768, -13.885096374379678, -1.4437326739623586, -5.240674862784143, 8.022684583898858, 5.1964635456211825, 5.4743968289579605, 3.833051758544481, 18.919934192990915, 12.517619077193574, 3.814328718898763, -2.5252515347827753, 0.15077068429219176, 9.753987129926683, 11.306283083573156, -3.7496743978486697, -20.02715627715226, 0.17946154473491274, -7.64439223323063, 16.321266196303636, 5.604211029479873, 1.496892888356996, 16.732166189493178, -5.955330067420959, 11.79495263645838, -7.434892636373664, 17.99974740838536, -5.072570388979911, -3.2222628355991345, -7.4221931429537324, 7.413722515166795, 12.343999102618334, -8.18573785820404, -2.3976965785951387, 4.68725928672488, 11.841366065704703, -7.5150419757452696, -6.169801781707701, -7.5738451533546725, -8.464269806485262, -8.147226724166496, -6.9845628556431025, 3.686507831017964, 18.726462851645774, 21.53281155040972, 8.281748428881281, 2.501398148748679, -6.512968499029312, -1.3640386259260175, -5.031286584784176, -0.12754885429079726, 23.019936986069364, -3.4281412474747945, 3.075525844943089, 6.434737207379577, -2.9963448090719824, 9.599153269068669, 1.319218040073135, 8.796372486485993, -21.688417011243036, -8.588547471736419, 9.065967758785, -0.7616234751737224, 24.946716757215164, 3.6893058436445703, -3.692168794269502, 1.0176697059576938, 5.336799416692867, 1.9909789156338986, 6.463765743515297, 5.581360007845182, -6.864930085479845, 12.788194663306225, 16.306780617735253, 4.540129692930829, -1.4148400985143659, 7.8534541865464345, -2.9875067705061995, 29.202311582737522, 15.479077206621001, -6.725965316341731, -0.8464971036534455, 14.908614958767293, -4.968048548248181, -6.0444238127994865, 8.658715933255017, 12.007093543075039, -7.330881152806601, -6.797586854431813, -16.789044608283813, -23.042507479684062, 12.739496430603019, 3.65456822794421, -3.6113582183728203, 1.8071128596735961, -12.813280759440628, -8.068737416517097, 