{"fitness": 64.48, "name": "Nathan 205597BAT", "genes": [-10.311267861690343, 10.94022707708399, -1.0998721918518635, -9.784598040979379, 11.757859987667329, 6.633435879066215, -0.7186526429338614, -10.950967845767963, 20.016318182918667, -19.239889515216642, -17.39500634032532, -10.965730868567304, -5.020636713145466, -10.10829114214972, 5.901092075524675, 14.232506384026014, 12.430553075173112, 2.5983713780274718, -5.6886649587459805, -7.502381040879173, 14.15365996330583, 3.942953933527695, 3.5308309112369867, 6.41142601584632, -12.267336913526155, 0.710114448613316, 18.513344148545375, 0.19065335374291997, 7.656905839269112, -4.396551723874788, 6.884510574952942, 12.784490919719042, 5.062197608864001, 10.489819740048098, 1.6811147280816061, -9.849218362309262, -10.985916160763551, 8.05705742038914, 3.3177611338541375, -4.240581800097598, 14.22641756489427, 3.0742892755522133, 6.999971852861534, -2.3704349462897993, -10.307033722674019, -18.388968069756245, 4.817015283454886, -3.750219563716303, 11.294491634171262, 10.629252135598515, 10.416602336194108, -0.17890850888459336, 14.023933816098753, 9.523399653532813, -0.5152090962632947, 10.154957016718472, -4.935628885019706, 7.729027530286991, -4.867014195628485, -8.669646447284684, 5.704524150178314, -11.410251375515294, -6.369193365037433, 5.463774455397634, 4.5823537983076505, -6.972207525111663, -2.1767516088203913, -5.987984371734011, -6.944988202686492, 7.444435252300108, 10.120408704345795, -3.1563381099448593, -2.2755487433063344, -1.8814441576496062, -1.179386427364131, -4.211469272724528, -2.5658779561781557, -2.7626832858843917, 10.856234146894261, 3.663642836188351, 0.3235083586196839, -8.395628421838673, 9.477138017557909, -17.811057776230328, -11.66735652664849, 6.349739258942912, 3.555259665846834, -5.053503995528722, -22.179975659257373, -1.9417632370695717, 17.239741272759787, 9.248187163287671, 5.600417597475454, -2.3654242358743423, -9.643660059583285, 2.8920320815963807, -3.7158938360015092, -4.946661073138686, 2.639795100331943, 8.897347033329876, -29.383924582135982, -1.845055663251781, -9.379276507883969, -9.508926053914228, -1.4869689047281933, 9.773106107766452, -6.160291885799834, 12.358946694209562, 1.4344593233291256, 4.160437333562287, -10.990837711719454, 1.8285589052107742, -7.905204517432442, -11.007430188936832, -13.058041949941316, -0.1422408531266474, 1.144978301227331, -2.190933334064529, 0.2618974635277075, 9.246354588305097, -1.259260355502013, -12.901201523827854, 10.59845816786255, 0.5722910201922609, -2.9233925861578505, 5.391934473195852, 3.8922839942256937, -2.839612330775922, -7.981094112204957, -13.784488661960347, 10.763945599764998, 5.309538115121676, 3.221585032859053, -14.96515862945439, -3.5948329707127638, 10.415366439864759, -8.484617708843304, -6.142664192239995, -2.6634236288655524, -2.466115800793733, -14.818529193674605, -5.406417447392024, -2.577409250053303, 16.621455657008823, -8.018248915899655, 4.706207393926442, 2.468784188499247, 8.809560696573664, 10.67560902789869, -11.403868477655989, 13.17885355311701, -13.371364451695099, 8.443266786577864, 4.311443084005772, 4.119056334898901, 11.646447565961251, -8.082060535187455, -3.067666153732207, -1.393137628551231, -13.711118468200915, 26.540145932667958, -11.958868089118093, -3.5279843111753264, -2.694512987660556, -0.5819468834003569, -13.09356054186342, 10.894152718527204, -17.993445995717977, -2.594245807969007, 2.798824815085863, 1.3075614656084058, 5.023865897864248, 3.539037792508032, 6.046660970405917, 7.433905881750662, -8.791862762919504, -2.2606282309021535, -1.6749825720735976, 3.016117038393444, 1.4381232941026831, 4.945696938849277, 7.938080126043007, 9.759993337270132, 4.943137294565674, 1.9099129512767352, 7.936219711136674, 13.351019860210044, 4.426621982243418, 7.883665542273086, -7.7528083663730305, 0.3886589135054478, 1.353262125490995, 1.407111511567023, -0.8581607398468806, 16.025554669202904, 25.152645394180652, 14.631590636727012, 4.034533037336655, -6.327507788244701, -11.48692324311545, 3.0362232784509056, 8.750161653830855, -4.366687134041788, 7.0914954532083705, -4.141651912265746, -4.12790232779677, -3.5030936159915336, -22.73263754840865, 10.48535598091111, -12.325129866672563, 9.44028463718401, 9.665050080397544, 5.0389770688409925, 11.845249336990603, -5.844610928678148, -6.824966683571705, 3.499811874018756, 0.05956233786249776, -10.127529979038242, -0.030199756659443223, 15.366894604020647, -11.06788723393946, -6.427896207603564, -20.304035075295346, -17.400914426451262, -4.454997228213933, 3.944349444695654, -6.5380661713540515, 6.371906843753022, -1.8320241410213747, -11.606639369981025, -2.216844522459596, -16.563740195645074, 3.77665673739801, -3.264114320846822, 0.9832691097068604, 12.875913225370377, 10.580824181355784, -4.576954367946221, -0.30008648808987004, -2.87434015375961, -2.3873689757491476, 1.2428667444100676, 7.966548608535779, 11.709520948636614, -10.504668905645763, -21.91398355201841, -7.037205278395142, 4.029637460804022, -2.323609379271576, -6.7714101829050355, 7.178264190482637, -20.720599355255047, -1.8253340315607802, -9.441956696825248, -2.3387969068899914, 5.260314350003547, -1.5589825213812272, -11.658879270051102, 11.416999925511224, -8.999536614641222, -3.901577216272704, 1.2472114526138198, 5.770181788371221, 2.6197424593019623, 10.772004670700136, -11.754020485380249, 1.121586800561292, 0.8813474607001137, -1.2226469746050546, 10.818865779796132, 11.873864479520554, -10.547793763663133, 9.796725165039748, -4.303032010399801, -7.478163664457507, 7.877587561050797, -3.893165874726126, 12.315980075293172, -5.367330839277065, -22.971549554627035, 0.847334246768363, 2.073233532685791, -17.39045172226403, -9.382264052956524, 2.2011203739542515, -22.262969754141388, 9.85064774001418, -2.702874753880494, -1.5452317664243234, -5.400532372342817, -6.204379095646512, -10.250126218466866, 1.5018365060292993, -4.667092096193574, -4.0158783353312675, 5.089507354882242, -9.359612206010336, 0.742932751395964, -14.958154536679842, 3.784658683887419, 32.06577502549813, -1.5359206068146691, -12.148133750280925, -5.148470906506809, -12.716285983629893, 3.3560651799832457, 5.017454175803706, 3.025349512353558, 6.306198637651785, 20.077128882711445, 14.31388199564125, 0.054279515724317925, -1.884089258301346, 2.1524041114737402, 14.29678146164085, 15.817096969772107, -7.088500999647333, -10.218918666778855, 4.484696315847265, -11.951862236600789, 7.6373909713238906, 4.507952504539486, 2.047488023708059, 15.616843880966048, -0.6483874277375098, 8.737724740586431, -3.086899586449165, 18.04093660946622, -6.89245360037798, -4.261942079469492, -8.615695059791662, 15.082635660038807, 13.133642892391943, -15.2414508849277, -2.570859196529995, 0.5784983758835732, 11.172245615384268, -1.366615274441639, -1.415210937836476, -5.857188478421614, -8.343671643061397, -3.459482173206426, -10.473941895711748, -0.23798179617261972, 15.060177385052558, 22.42227308125635, 6.8234086132153795, 1.0424306934932013, -8.6741805411789, -6.546024206506408, -1.3075928156220706, -0.8205778570469358, 17.54961935652366, -1.69700337312387, -6.635963968095698, 6.28808631737637, -8.61753878329314, 21.371758230393407, -2.8967684016195365, 7.255179440968143, -21.098740696138034, -6.881711089424463, 17.25787934048053, -6.029948419991757, 24.118655028276404, 7.963789447055915, 1.9815517928189128, -6.884722770421577, -3.7845045928966923, -2.487390965115367, 12.992937019163001, 6.521545259609308, -12.759114559156462, 8.882976590085528, 18.309947934910866, 2.9880030938964044, 3.4054407091599437, 11.878278976066383, -1.3074090190346934, 31.542061617752402, 17.90318915192049, -6.141237376117769, -3.5260776847192714, 14.176844549640888, -13.498293257224873, -11.276722844844757, 7.80814124801795, 9.196116323640533, -9.040748830638782, -8.890308728672078, -16.55347614918048, -18.701890549062, 6.710214455343066, 0.5144324137694258, -4.659421954176992, 0.5006295905695127, -16.06128650646002, 