{"fitness": 65.46, "name": "Nathan 262015BAT", "genes": [-12.417271324783767, 17.742901066080044, -1.2129722768064553, -8.732773282969841, 14.209844101041975, 9.544036645905608, -2.6172676275134927, -11.91343145880323, 22.52950553919233, -18.96061122926761, -18.95737720366309, -9.372546946028686, -4.314651789904329, -10.324192061225064, 4.487608866006894, 18.167410494681036, 9.98721030729571, 2.896627317974126, -2.111284794038348, -6.065485449306901, 15.198310842916655, 1.0367582328180087, 1.7556952790551805, 8.005540905639089, -13.472579067675834, 0.025579197608318296, 19.691428553674914, 1.7162085556405837, 12.0593150216021, -3.025221206137109, 3.1279769686368963, 10.236299244443098, 2.873290006151936, 10.374387530267631, -2.11419805407216, -9.777153705727752, -11.530151865592195, 9.095445601859346, 3.4971709299526927, -5.580046354914075, 16.81817387112468, 4.107157801355113, 8.006085738977974, -1.7030573305805614, -6.704352067013848, -17.560848533600684, 6.882466649096734, -4.348269747542688, 7.604834575840253, 9.944144782619523, 11.158761128750504, 2.5194004881903833, 15.327563336150556, 9.741245837097868, 3.599363344400757, 14.547852689822367, -5.646524773225051, 4.0560281875869215, -5.817816273310725, -7.838494724488287, 5.842890515876526, -17.0609226743774, -6.109410438895003, 5.418685870690065, 3.6124887980540796, -10.739437295377828, -3.6522380671209023, -11.163965797142568, -4.984118650062783, 5.829643923214107, 10.754688525703902, -4.086840225861982, -3.0947543517231724, -0.6104750253101715, -3.130658174791387, -2.0194107451346652, -1.0491659336757917, -3.835131376710874, 12.220287976682968, 5.827724397377948, 0.3156388697033841, -8.989229599916875, 5.217487841050583, -18.619796857202463, -10.490589315026474, 7.865596995393124, 5.126832495580379, -2.093284017193344, -21.790568958095644, 0.07336136475737667, 14.559441377927007, 12.440483161711331, 4.51245215237574, -0.72502964048531, -9.984602308451166, 0.6287383838455819, -6.554918434157875, -6.340395126140064, 4.681104542785805, 9.082751645795055, -30.209661718206853, -0.42099377734849935, -10.488539357879791, -8.967140622098086, -2.30916896999322, 8.69325792005694, -6.668089614019424, 8.911627294983811, 4.3235474870131, 1.9828642573987894, -10.47305184556364, 0.2177669418551875, -8.39912251124717, -10.41501364998578, -14.745206727098795, 1.1316393223547043, -3.0647902923033694, -4.830664436758033, -1.276276227222437, 5.565284854116999, -0.3637694816132008, -14.024821429036884, 13.893690497578985, -1.6138038960486691, -1.7972307253012645, 7.5270806428294, 3.815203597623138, -2.538813225523808, -7.68573358691623, -11.28441703681661, 13.440677099358583, 3.7872469762242815, 6.234201409453278, -17.259081688835693, -3.1214933193410634, 10.518257296476685, -11.008809919382616, -2.6556314524683264, 0.34941608391584655, -7.754292835011994, -13.52120867692414, -4.381100002717825, 0.9702713699443193, 13.797848172464, -10.656660602304237, 3.813542870800624, -1.6401940441551537, 9.645293781208858, 10.062434777159584, -13.841728414519066, 10.901049989057848, -12.173734769595129, 7.937207454765711, 3.6029976256177103, 1.1773665806976141, 11.552742085438084, -1.96953494259368, -3.670121945042742, -2.5490817971381676, -17.396020001398377, 22.306251692652847, -15.963116345135527, -8.527529690513584, -2.4619069528680173, -3.18834461903101, -12.71120362044223, 10.292939879909166, -17.36911053584917, -0.9928239834453161, 1.5516873108043945, 6.539629947654147, 4.667216968636358, 1.7595815592543047, 5.5156369524342015, 6.272555432515881, -12.186930201437834, -1.8977072453793076, -4.035872546879988, 1.8165797900935425, 1.8485528257618118, 3.4868751061891365, 9.368219925331868, 11.172664090520835, 3.7935960236083766, 1.1127837762603083, 10.398745525423866, 11.845978902910018, 3.7710810812928925, 9.572781019079617, -9.179987732796148, 0.5992976963454696, 4.197983370359784, -0.022089617398842736, -0.9622194465639315, 15.793369228130425, 23.212435812054622, 16.26867499690537, 1.4556163456006455, -7.62708775139282, -12.053042799876323, 3.0521096445928046, 12.144687681316073, -4.2935963965396375, 6.216309845300184, -1.695392057740617, -4.625819109880346, -1.8636297701374631, -21.28655389959157, 14.64646117338025, -11.502299363450131, 8.200560530347824, 9.024440350830641, 6.314269302575336, 13.411424911805668, -8.280848844655292, -4.570424065716759, 0.8151960001948474, 0.005705330670320311, -6.2989043677428596, 3.249156007352005, 14.717860737738357, -12.888708617255283, -6.037391846396218, -16.089979806952254, -17.3648560802321, -6.0690727467468, 4.858232947731525, -10.67024395769899, 12.030471672995557, -7.262857268827865, -6.553249721515688, -2.0294954608356686, -17.77793750910739, 2.7932607869349675, -5.877911313538758, -0.689269944788342, 10.682992957657971, 6.07775590993223, -1.0658046883670562, 0.0644384207112649, -2.187245334530319, -6.242779932438666, 3.018769563072228, 11.52143631722428, 8.4188829606654, -8.167853592305667, -22.76453969244195, -9.330626797945797, 1.1690183968756815, -4.703260818355178, -3.7992284262749023, 9.30895394213907, -21.075624860732475, -1.3575830698101292, -8.24596999502726, -4.574579369187806, 5.685754846989076, -1.9481265439669921, -12.08991450858113, 9.449752498869863, -9.826645547020082, -2.006913211402484, -2.08119363895806, 3.112290099595978, 3.754429825030629, 11.857409374970217, -10.850553812469002, 3.011991934742687, 0.010523514942884088, 2.37489279755327, 10.029560637425668, 16.383415447053043, -11.575441000243679, 11.553415463282676, -4.336276123915715, -6.531344794450025, 7.7875314496908015, -3.8134096632008476, 14.185115211143078, -7.580513681546505, -21.62478779006078, 2.485099428564503, 2.435915571072808, -16.14140171018804, -11.679777117032613, 5.342195330781814, -17.45650829056557, 7.180600601932349, -2.885622697381745, 2.2129526623422926, 0.24968966345359644, -6.573846171685332, -3.1026880093052185, 2.7134369824894393, -1.6476214975275116, 0.7376497772125186, 5.711876433575893, -11.122359675263386, 0.5528026504908904, -14.187972694924103, 6.711448255400768, 29.225438987783406, 0.47497085560855473, -9.490281947408448, -1.8293682100767854, -11.664942687140169, 5.207611271657343, 6.155507084277721, 5.399174849785431, 8.786681814825318, 15.190952298868396, 15.654834733668856, 3.924552136568618, -3.529079576014633, 1.76320028097195, 14.266450568767514, 18.7618257891423, -6.275637187700492, -11.366291664759652, 2.3896212134942014, -8.676034327188155, 6.919579631810703, 5.5279437055190375, 3.913000536090047, 14.185428229930704, -0.10188757792929126, 6.291376574714789, -1.1650975806790502, 20.297514330335922, -10.152890066950354, -4.712297327341672, -8.307591539901782, 15.900365330579945, 15.053341049242691, -18.43528650091508, -5.138206442725699, 0.28301789010608414, 11.496623055343534, -1.913876526652655, 0.5590453259454146, -3.7162109003776163, -12.365924977695428, -1.9074653802639094, -11.193288716168484, 0.23226039068880475, 12.78005100832306, 22.850276684518725, 7.483588681074753, -1.4370594893548778, -7.415147606223915, -6.617632463491526, 0.5032801376860956, -2.149173245747714, 15.370458697643038, -4.072999859737255, -5.934058811770241, 15.839462193759623, -6.210175754238061, 20.913794379367122, -1.5462395686660564, 9.359604874992636, -19.915661220091014, -8.193482511380711, 18.06368371760101, -7.95168779767848, 25.77298044250069, 11.711003276374978, 2.2366210717685515, -3.723151966662028, -2.9578193793993686, -6.7503418774804675, 13.281261821856571, 5.247207058635577, -12.8890299212019, 11.872102241732481, 19.347536744426556, 4.435000763713898, 4.206546296061429, 10.226894342568883, -2.479333964725281, 30.647992855926287, 15.181142547435593, -7.637821499401651, -4.951814039191827, 14.915937917355686, -8.32761711455252, -10.45121728742824, 8.9710024232255, 10.619593552628793, -8.694923108877006, -7.789453338933211, -14.853915670809084, -16.582259692751226, 5.220165121650257, 3.2101027804416655, -8.618662910869041, -2.713009964507171, -17.802713008985332, 