{"fitness": 65.2, "name": "Nathan 215029BAT", "genes": [-11.08982458148455, 12.523117979158151, -1.4069871711403805, -10.452245589443143, 13.67569447338158, 7.258112913322985, -0.41956603397907954, -12.473991187592626, 19.31115412103084, -19.615616448126552, -16.306632569551212, -10.509908847774254, -3.8344705008344144, -9.737510638137826, 6.69925973230083, 13.68033940642668, 9.85274029723027, 2.3103600531317543, -5.265476457966481, -6.4576378322188335, 12.182349080292392, 2.757943958448673, 3.749724556584568, 6.960984286666295, -11.364432118117227, 0.9330341282297684, 20.358577054529626, 0.4487688089635439, 8.333850354914485, -4.993037217412871, 6.202780999321815, 11.762665203927869, 6.312947606648757, 11.639023710297609, -0.3200627859196693, -11.18718070981553, -10.265610930161904, 8.623907915000176, 3.0811678737368977, -4.975326575938998, 15.252934061188357, 3.735288616497176, 8.237943479741038, -1.8666433090663908, -9.505296265257705, -18.132944545231812, 5.958010509758309, -3.4813993961428737, 11.04702982032636, 10.094569731023531, 10.520925998661847, 0.24973871215799892, 14.671602295146382, 10.433357409828647, -1.5727386385138693, 10.7426564690195, -5.783737577672614, 8.386762567305947, -4.278609508566132, -9.464836333891753, 7.035714195746131, -13.270208783404412, -6.7450122534651875, 5.1927663785914735, 5.490418350657188, -8.837485239374043, -2.436100073283428, -6.7079966380955405, -5.380321640074555, 7.45904770380058, 9.107463870786358, -2.4590260856796617, -2.526459458472508, -1.1424574246864045, -1.0397113354532403, -4.238970212044586, -2.3477542773057856, -2.052264300355176, 11.829071746323704, 2.5470404833258526, 0.25708350323305024, -8.883991541868346, 9.318306440469058, -17.010243173349913, -12.157031475850703, 6.926932710412938, 3.299788732246338, -3.6336276677617563, -23.31953749156971, -1.3386447733105493, 15.790158932901278, 9.223265642957626, 4.962557093385302, -4.608817146628753, -9.221776392361921, 1.2111754097434275, -4.043524084749027, -6.00009448080399, 3.5880523016038177, 6.9325337265307585, -30.876881215188188, -0.4460922545619987, -8.208506916378958, -8.900618997982168, -0.9375037487920995, 8.915003252447939, -6.141757047550734, 11.991427482802193, 1.398379879244541, 5.072464375036943, -11.881822458515664, 0.4184763584285814, -5.903731836276802, -10.541956148702509, -14.12010424766753, -0.6046851439640619, -0.348406865363521, -0.7865141735328562, 0.7732568466061445, 8.33068694446628, -0.49653670620315615, -12.898600313958251, 9.94365889091191, 0.16314266834955998, -2.8847487009509933, 5.3429827653105395, 2.4389112345325437, -1.2258484169692998, -7.248170027434698, -14.580377285271348, 11.11149895745347, 4.680552112260576, 2.685406854827171, -15.215791510985712, -3.772093888491187, 10.109985463926781, -9.737913655645777, -6.437249493827497, -0.8703108054158951, -2.7039578783022997, -16.074185662767555, -5.423990896792694, -3.021600780825943, 16.71567543543893, -8.324813533377467, 3.9761788471840425, 1.935925172257356, 9.23333515058809, 11.209232397979333, -13.276505808429198, 13.733771487092787, -12.387631335961307, 8.129569057282481, 3.138774813192119, 3.5151448993662764, 11.282037501551914, -5.852678366036902, -3.4089480093385096, -1.4468236421469192, -14.196277415681502, 25.763933396564248, -14.39516181155921, -3.9232278590747267, -2.639872611053064, -1.5969411646098557, -12.621867805050707, 9.897246076690616, -17.220046368686297, -2.759333491104688, 2.834925828153023, 1.440683033214632, 4.843358044670284, 3.083519782046127, 6.138923958592785, 7.784408938510679, -9.859162961077141, -1.3188574972452882, -1.8881381296020259, 3.7570596361804123, 1.5336186398586282, 5.811695774770782, 8.273898355801158, 10.229262542440406, 6.350570483680324, 2.079002731348979, 8.185676557747932, 13.272380232899517, 5.213256503755465, 10.269065045055253, -7.6859211218672066, 0.5524675748536069, 1.266459454441343, -0.8639217580593486, -0.3307501346393339, 16.27217322043244, 24.48761677264155, 15.33297916581276, 3.139118077725104, -7.2783638068619485, -10.712269148939402, 2.9658458572356707, 9.537747162258972, -3.013094091131241, 5.450174815541242, -2.238852891721137, -3.5390913907157593, -4.239166372508909, -22.766038502607888, 10.995206623813152, -12.207554380200227, 8.062241124228807, 9.978589610698783, 5.319573987341741, 10.6331248503257, -7.364579802522056, -6.692604167145931, 2.818909619667638, 0.32344348699030234, -9.047893885111169, 0.8316486949724092, 14.905829011089573, -11.463963476141945, -6.528974405850445, -19.267707235232184, -17.420598741774196, -5.240576440031143, 1.9722734182510082, -6.92545220314343, 7.368267724906533, -1.60369273084325, -10.587818014590162, -3.8662626138007856, -17.754479366815513, 3.186000493975561, -5.336666906798547, -0.1806046047196203, 11.477564875092071, 9.487654562747364, -3.6781912138183093, -1.7335412386548905, -4.054918780246791, -2.6017330689927194, -0.8718653712333968, 7.420771066080817, 10.866895809205952, -9.327343159460531, -22.356991500790816, -8.079376148887574, 4.277821585865319, -2.1159672023495864, -6.119478555727165, 6.529390726959138, -20.948550036093817, -2.489514234036246, -9.002440251219864, -3.5558896090007512, 6.137315741944947, -2.1690571530830662, -11.560395496611232, 12.100532309685503, -11.15415126738348, -2.999842628651055, 0.9183214980528145, 4.7988639187900475, 1.7462794912572805, 10.886447940410022, -11.342666637451604, 0.77026675584723, 1.223261209556677, -1.7239264288700622, 11.233450423781282, 13.45950974394914, -10.765166032805766, 9.685495899010576, -3.053307023686159, -8.068091408603191, 7.245871726890904, -4.431898593614081, 11.907410260855743, -4.466604038281398, -23.454786525752844, 0.3473814781748056, 2.863565042567133, -18.374867784293453, -10.05195638494212, 3.914569739104958, -21.622806893505675, 9.313830588721471, -3.5652065620919555, -0.4938799283063754, -3.3798511480394455, -6.595074210669895, -8.750919128039845, 1.6255279996917542, -4.587043284027407, -6.4453811517503645, 4.316750540970032, -9.704200275421679, 0.9469133227801978, -14.994756212266182, 4.587030671267815, 31.38915947219215, -0.8616221116131895, -11.385735797420676, -4.022303708625295, -12.510145413035083, 4.065049893351745, 4.951597041303166, 3.6835358797585367, 6.925847409483126, 19.031265902197866, 14.21429111788001, 0.7992279932996199, -1.573791778090764, 2.6918668430161934, 15.061289774772549, 15.663380129157064, -6.658513898534448, -10.798780814270257, 2.34105920818297, -12.050939345048468, 7.378885907162696, 3.5326228857861426, 2.0316693935651764, 16.120781634287354, -0.3040010141418323, 7.160636565859272, -2.697561244517483, 18.358067732301734, -7.160886266951947, -2.910654462934172, -8.459632798260463, 16.03918173827577, 12.68919117493738, -15.48407907090577, -3.882579699296551, -0.28059164534884895, 9.340295860516838, -0.4044469961252229, -1.1485381834176138, -5.524550450681005, -7.85012837132869, -4.2711707032579245, -11.573044745333307, 0.5389876604366939, 15.19398339071675, 23.484650299481984, 7.4984129849236965, 0.8347210298888644, -8.76085238003016, -6.70495196260637, -1.2489962815279958, -1.0429627848533858, 18.171890796866837, -1.3244005531945835, -6.048447831965163, 7.459132892939518, -7.95930877699485, 20.69928340345063, -3.041587554448039, 7.56197706973525, -20.729057097333378, -7.87823568953501, 17.486674861028373, -6.348767947167307, 25.042225963725787, 9.062522413538105, 1.3684309718698393, -6.494769621202062, -4.084816050796638, -2.460342706097069, 13.196333838826584, 5.700160227427111, -12.261036568785276, 9.143775445028076, 17.844697476017668, 4.075907638229358, 1.7754792723442259, 11.494782564830196, -2.1325517735153823, 32.13414718601518, 18.29415285141545, -5.797815822316628, -3.0413886140651134, 13.936024107499037, -12.923724598633838, -10.812025066252916, 7.448075486690588, 8.856581155884962, -9.82053725266771, -9.199447782083425, -15.83583079762699, -17.933646074976146, 5.81014410943023, -0.487625291488599, -6.224462619819423, -0.7877382830443943, 