{"fitness": 65.0, "name": "Nathan 211426BAT", "genes": [-10.961692248556615, 11.960564709052122, -1.1284224692415263, -9.821139371736187, 13.31056258293139, 7.072155836140139, 0.15561044218454362, -11.59397602785571, 19.76269358997233, -19.577012103705123, -17.413829453831422, -10.707236124807025, -4.048298684079441, -10.08289099434285, 6.436495276921752, 14.274116914926434, 10.616372319591333, 1.9553247342944258, -5.373288239611934, -6.888002280921867, 12.846303540934159, 3.0335262237212013, 4.446019316812589, 6.07047348061788, -11.723560735186608, 1.148624535278494, 19.9250538643804, 0.5813778627252232, 7.829129888218825, -5.647707505953118, 7.040932385938895, 11.962369221950505, 5.8442353040604536, 11.34167040036805, 0.24599350867235767, -11.191306003822312, -10.213584300508025, 8.443579988814927, 4.073657443266535, -4.31763083720852, 14.340857645476225, 3.4523783476904164, 8.017499694420408, -1.5376681448448368, -9.927069020209057, -18.433162163264743, 4.805330608818191, -3.237138852025066, 10.168384244182883, 10.054529540623955, 10.60754907402829, -0.16087889728721105, 14.825627369047744, 10.786456033538167, -0.9826484336187906, 10.114700606698412, -5.132136751583754, 8.368377602826916, -3.3410839974894326, -9.077608472445116, 6.803727456402794, -12.888130155004706, -6.10653736011065, 5.423922336967544, 4.889791310723153, -7.254776871952567, -1.734132856253794, -6.626642711277096, -6.670503701490898, 8.398521340422754, 8.99423639684229, -3.137865929868005, -2.4428804101247055, -2.036220639023296, -1.1621528202488718, -4.143334302009813, -1.9973372559820701, -2.602210740480414, 10.200329410531547, 2.105362565024919, -0.050557472132490774, -8.718994960079195, 8.855836334734512, -17.352359164063685, -11.72278820819209, 6.9456350654507375, 3.4312690475042364, -4.455783639969407, -23.609941947080582, -1.7372565928337886, 16.04934447596986, 8.827606201093431, 5.7064893427855985, -3.8410330719218857, -8.621153988732233, 1.5275744652000756, -3.5349257178145947, -4.965272476483845, 2.7641974662653084, 7.527651299155798, -30.134393863131937, -1.2413964309061098, -8.130148980341543, -8.704749644682092, -2.298345774501881, 9.328587340845658, -5.852268533880274, 12.568103255327683, 1.133803277887142, 4.471671531352316, -11.504908778481266, 0.860397280383601, -6.863671922334807, -10.335958423617306, -14.198075350948255, -1.0456582559398835, -0.23673186897170084, -1.835334467045813, 0.4296891269668956, 8.572827176487083, -0.6336509425050194, -13.664106704356115, 9.783462592052983, 0.3266271718782556, -2.708972083426199, 4.9803584506244425, 3.330014155673217, -0.9912546556613555, -7.203776352271705, -15.033564915528418, 11.237593706703565, 4.9329202713612315, 3.04559462455419, -15.520020395068068, -3.572723250526531, 10.17900690912546, -8.653675434208001, -5.270387535117778, -1.4842261787199365, -2.989839075401839, -15.061197385259167, -5.678818542038509, -2.4570940921744384, 17.13927612422761, -7.746052479548529, 3.923958959963069, 2.287436741708183, 9.041485563420679, 10.854768513067288, -12.184842255860223, 14.07048857637143, -12.36345907907648, 8.190998999928011, 3.4881059236154983, 4.4783469043622555, 11.263692429354727, -6.6991915960479504, -3.154092085715559, -1.4214804705623878, -14.3230329228068, 26.858186540687168, -14.527864378074383, -3.9422758690006963, -3.017315247062202, -1.1163417430094293, -12.087028472781201, 10.916955709886825, -17.175713934515443, -2.7187273249772312, 3.074306286219769, 1.333342295118017, 4.461833403778001, 3.581741949526045, 6.7047022095398425, 7.415974480366741, -9.904787546068949, -0.7638745542233881, -2.8837446689484483, 3.6429908132485567, 1.449787837988257, 4.712515419204323, 7.674963362190591, 9.25193057481458, 6.286019903327785, 1.2749392533680106, 7.468000941873881, 13.155767039051199, 4.790372550341608, 10.40595901318991, -8.086104426934819, 0.5276842477228401, 1.2252311945060539, 0.16042550741897807, -0.3590396016096427, 16.490586376073896, 25.17953413190936, 13.73950057688645, 3.4023817632644024, -7.135355358759822, -11.059811320156655, 2.298514709757141, 9.680005726390375, -3.7161304983616836, 5.874327397858524, -2.543070847971284, -4.211980295573716, -3.538102622784359, -22.56616497965062, 11.331682340329161, -12.36865581239494, 7.604377087457751, 10.09221463501528, 5.862536572948738, 10.954093653900998, -7.395444440458959, -6.511252579659704, 3.362444098688171, -0.19625762978652955, -9.445144009092981, -0.39898247540576137, 14.86891458188567, -11.666294364462505, -5.652597346659337, -19.745451304175464, -17.36949988963081, -3.902438109278531, 2.355397222864726, -6.267283430306449, 7.2943168090708195, -2.553366484547652, -11.048158009524826, -2.77301756488097, -17.730719036575803, 3.533628948097446, -4.5291978933836035, 0.413657464851497, 11.730565871827908, 9.896018097503111, -4.86289999837859, -0.13349819760169754, -4.207183971365784, -2.198822601093664, -0.34778591748192683, 7.401138142271215, 10.879179692242861, -9.70683788817384, -21.95858514260423, -7.319520327825302, 4.611684975807161, -2.8334004426315484, -6.4767241863242955, 7.484164718119209, -20.52088560082992, -2.6619148709529394, -8.637843053240276, -3.357257842991058, 6.577314536053281, -1.4512824891758858, -11.869991616829603, 11.334300527807848, -9.759258212817729, -3.1308154011697447, 1.1770100323335357, 5.295977483853223, 2.5595123594980547, 10.58282192350404, -11.874876765629361, 0.7900260844300255, 1.0920022395646856, -1.671832359942671, 11.198740855310206, 13.619881330992122, -10.217677817100602, 10.009670643189558, -2.8222372003247056, -8.124918456825398, 6.772698727903521, -3.8420385768892413, 13.231831041573097, -3.6129697227318283, -22.960311059509202, 0.36606911749278825, 3.2065802186385666, -18.055284478758082, -9.848467933728681, 3.1859491782575273, -22.099893598873784, 9.308375833773502, -3.1754445722326765, -0.8132688867340911, -4.216825910172493, -7.3173084825160455, -9.429428079320864, 1.072332582114122, -4.951195587376888, -5.493943231170434, 4.673437786681644, -9.443793533330906, 1.0367685312009252, -15.573462167676443, 4.635906044424248, 32.23318711808617, -0.8958414528543192, -11.694966880807241, -4.307575881712972, -12.96444229355686, 3.470122611168709, 4.4699897449663855, 3.3804827586040256, 7.246497809012489, 19.92804656820868, 14.152243203532725, 0.2719316002874602, -2.4864101618288537, 2.613687990562826, 15.269715021594818, 16.216375912050136, -7.477059251896465, -10.575335876340421, 3.0967283695080194, -11.910899697500257, 7.298207454917886, 3.9984911546798094, 2.476360001436026, 15.166191176540913, -0.1434285183805341, 7.392740109688419, -2.7400977725057047, 18.63129685921368, -7.522104862829447, -2.910694140850199, -8.673870833214574, 15.754733371799553, 13.133173983480123, -15.508923820709034, -3.0559300965370775, 0.8549793125082346, 9.581143953778392, -0.23880586573401708, -1.0445225074297237, -5.725116818746715, -8.15212702696547, -4.378383992611165, -10.636290546632683, 0.16552826344925828, 15.868530919711475, 23.449967641989616, 7.48723627699052, 0.13453257978414712, -8.860468965965099, -6.417575193755081, -1.4033098811235967, -0.22346750234358415, 18.349196398850122, -1.2547009437568981, -6.220794886457941, 7.496626343596474, -9.332355515608272, 20.946749890032525, -2.8938277536849277, 7.331973125298477, -20.76247861980615, -7.421221781304281, 16.757577439820903, -5.947518892731327, 25.240200526659038, 7.945389892118107, 1.0042148446044736, -6.670803112049295, -5.047119228312971, -2.4568941873561525, 12.66311816887353, 6.201921311345042, -12.106766240323237, 8.280767334188416, 17.64897468462763, 3.631114588007826, 2.3935227334344713, 11.676049438650313, -1.8442129960920366, 31.433055249638187, 18.188211993894257, -5.39753354934609, -2.6155205181807, 14.092637469225652, -12.644665225995592, -11.971677294178793, 7.525164341196399, 9.1327459350333, -9.61419680694821, -9.232603312698547, -15.784927074545598, -18.48873519376429, 6.6789377613150425, -0.430626485616474, -6.4033335414775285, -0.27070252367913694, 