{"fitness": 63.45, "name": "Nathan 158BAT", "genes": [-6.916695709429284, 5.316799756420889, -0.11385569872129378, -8.760389183214395, 10.562122313767617, 6.863424634225963, -3.79156610213275, -5.8899898750102, 18.957583404173604, -19.15341701658599, -3.199817784252251, -5.728758687295748, -6.75148704301767, -5.22947684809242, 7.777056326777632, 8.871309874082502, 14.533667362194358, -1.6897544078767253, -8.400209598011182, -5.969266151993749, 10.664299795122233, 6.181909407602365, -7.040713834431932, 13.66874468886035, -9.605122456174504, 6.986185612065097, 13.459652962387873, 4.706686952126377, 5.100957332860643, -2.5941536419242106, 5.526112482890657, 10.906260887563358, 9.593032497489634, 10.223237443486529, 8.587121486334667, -7.4076257055228565, -14.761802166023212, 4.606250819452446, 0.14089872298043932, -7.782152049431259, 15.069351212895262, 2.062220489534524, 2.599109409942069, -9.242191774318695, -4.399753451320283, -13.761158025473728, 3.0463179758556254, -2.664747766364261, 3.7484380598752813, 11.902183589713786, 3.4801731077804794, 3.3073379354508723, 5.254880773120159, 6.824392499136155, 5.050448528074159, 13.331119014368857, -6.415614739402956, 9.540678051736013, -4.8282950064146695, -4.75163030714707, 7.259898473982925, -10.55828513108494, 2.945590930457817, 5.46913728245707, -0.6473805489798922, -7.045076151090363, -2.017065465891351, -2.6631765502775555, -8.03795947715729, 7.8568924263082645, 11.625530120714584, -2.9760306840281765, -6.958400209835404, -1.487188787849383, -2.109767529934592, -10.37395438403019, -6.716124358084087, -4.07178043764983, 8.463281647815375, 6.146648757888756, 0.9484292090188261, -9.116461672564634, 1.3886143337707815, -13.650735116088194, -16.909828384723397, 0.9373804824636647, -1.5660753056946295, -2.984232591840418, -22.80329515052453, 4.538609808611844, 12.652167747716865, 13.225066023114687, 7.447464854037434, -1.8862617128553736, -0.9987962556277389, -1.8618674056868134, -5.6141790400235445, 5.046790213095565, 4.00378702763186, 7.086280128344825, -22.049372229901994, 0.46729345998721805, -7.313075953364719, -7.63774288461633, -3.6442806817083455, 1.2845422198255154, -3.1150377216398337, 7.584465693141132, -1.8942588007549244, 0.9682904638055307, -6.576033147516209, -0.7137403126435614, 1.607916573837267, -5.6561265323351195, -15.300307117058834, -7.111637715556637, 1.1593035091519468, -2.681785029392383, 1.8409179902895847, 5.442072457307662, -7.567328388370503, -9.287862980903109, 12.836463645638872, -4.5652153175871995, -0.04252120720920665, 2.354785313935834, 1.322854482426782, -5.838038782828893, -8.014393368996448, -16.39640235536952, 7.64818990924469, -0.8080658928082798, 10.567818260683831, -15.404977299912993, -8.259331844427914, 6.97963760605142, -5.736910981929405, -8.943256372277538, -11.727919953081587, -2.2034430123245228, -5.083448585529254, -9.199728488858955, 8.758999908925945, 9.876706274218517, -3.794021246519949, 8.059642555914051, -5.718195892694938, 1.304408263411029, 12.395671149853932, -11.772482534270157, 1.6255083438684388, -16.28993398636795, 5.543853171007992, -4.225574672281211, -1.744010711969559, 9.003764124853666, -8.043029164091196, -5.977394228998753, 3.2907569301281665, -4.862338003609281, 22.73701378384115, -6.622647948234632, 1.1882088455359738, 0.6292744354688837, -0.5185933335867269, -5.62467703989104, 12.618826315147635, -19.86010299286358, -4.751293177327373, 5.074950595450679, 2.8412813626561713, 1.6441689259546084, 9.310289464073577, 7.491081306232983, 12.238023334767338, -4.013519953953134, -5.565042077589565, 4.9363098642851995, 2.8240107844276467, 0.8431704572042079, -0.5139192244429653, 4.229967725399274, 13.562344598894688, 4.719409646896955, 0.7639616745680522, 4.962798736265143, 16.709252366332553, 3.2085883512969176, 12.31106071209481, -5.996345308412938, 5.081084933598441, 11.003168979839955, -0.11966546853545322, 3.438067137738228, 15.529136985204094, 21.789882039161366, 16.51749160510499, 0.5955801224610354, -10.890911015906516, -6.457875076714754, 4.0967443070609475, 1.404728254470098, -1.1423912394953575, 7.604460226452614, 1.5901195410502171, -2.807102811918553, -3.927870801118898, -21.965200415900345, 6.441114418811093, -14.798631293708102, 9.135581211501576, 7.943082642685176, 1.7980877771662132, 10.548168925697185, -0.7890893125411957, -4.87632340872474, 1.6367047224628717, 2.5592883509548976, -2.9617770831002286, -0.726502227397692, 10.018989413151228, -9.754281035369905, -7.833243074040808, -14.792458923886791, -17.91143869839878, -0.12071134562181096, 4.081355679509019, -5.770224688787628, 3.7549695089633803, -11.185417749516624, -8.880036924597583, 1.408622150631876, -11.876135776086086, -0.6437550638620949, -11.3056182782175, 0.03835319944999774, 11.581517506333869, 16.059411123751644, -6.585370820905843, -2.59598159931173, 0.0009950827921687139, -4.665149091919436, 5.925275076028995, 6.826805667557485, 13.405238620513018, -5.054066946904526, -20.75762087855859, -10.930479618018163, 8.09396646034249, -3.8087965631164002, -5.789776425897634, -0.05518623316916868, -13.421271641670845, -8.793115025687955, -9.66835891643902, -2.0833744317667495, -1.823889240617229, -2.3738553810280947, -6.3985500427441755, 17.582222238762345, 2.7323738045231214, -4.269841126448421, 1.8287514837132104, 4.309254988366783, 2.327753782957339, 10.01871195393801, -9.478191960880366, 4.014296795400265, 2.1481546063003836, -5.5320314784726, 0.7927201455233319, 6.707000824702873, -9.095833847031006, -1.463871135913399, 4.086889276161043, -5.202994701118954, 6.469698172604369, -6.705082782169749, 13.6596106719131, -8.94888453109275, -19.656429170104744, -1.7355338911135103, 1.1292510462646836, -19.16343574889939, -10.210968387880175, 0.8052389136925259, -22.874947010596493, 15.901708863457099, -2.8750184395787715, 2.368686256960445, -2.3018720662045644, -4.430590673191728, -7.669168194943191, -0.7418043616695812, -3.180860021011705, -5.212208920446824, 3.7352098885980185, -6.354359717696828, -3.3818082150209676, -9.924115695190272, 6.679086099636598, 24.202124559561476, 5.910699478666841, -14.254740269084763, -1.6273084804070053, -5.249674422831533, 7.878739336660546, 5.13201236198291, 4.5058147893580776, 4.0697569672017995, 18.11476122527667, 12.303036775691545, 4.084741787808831, -2.634449020642585, 0.14883614892488511, 9.293056331848822, 11.571893451465238, -3.7744761002080938, -20.584730942919023, 0.8575159750940824, -7.504332898063541, 16.719369545102335, 6.143299124797104, 1.440916293566083, 16.168817525363416, -5.819802111903473, 11.767652539123963, -7.567271058150056, 18.275176438082184, -5.283815126715648, -3.4162215694094304, -7.528368791674011, 7.022537770615268, 11.699228958666884, -8.591609515022899, -2.366641694549362, 4.436724634095864, 11.222592883966387, -8.201957179707307, -5.9708398689712, -7.326928334753771, -8.500830954302918, -8.09637437310294, -7.629256381363718, 4.885055950089205, 18.8411188778787, 21.296193978767977, 8.513264225886443, 2.4902480192089818, -6.405679256164291, -1.6411660169873625, -4.736105685467045, -0.560575808215855, 22.926763366349686, -3.4619713176014457, 3.665419853684927, 6.347224821673443, -2.73735072193606, 9.78092206668851, 1.294144157015027, 8.324315419527757, -21.07443926895023, -8.432668532014883, 8.61561946679408, -1.003111901343177, 24.73137560681819, 3.8980237233760766, -4.341490611801614, 1.180727893834189, 5.718987331935472, 2.2822608549640493, 6.712338306675057, 5.692647647908187, -6.446118718596391, 12.340625773962817, 16.476412700856244, 4.913809616114274, -1.6900855122703662, 7.84562416717491, -3.2613356199847936, 28.857645667934815, 15.871657424228488, -7.090254939053643, -1.1853349384242404, 14.809651489203516, -5.261696704736444, -5.8894278589360916, 8.623815600437386, 11.772998295414057, -7.461602126767847, -6.701729060696469, -16.51205984013585, -22.941155280491564, 13.474221194774767, 3.1171360681798186, -4.117765079202609, 1.621650955019187, -12.425366181638651, -7.9349768606322995, 