{"fitness": 65.35, "name": "Nathan 218722BAT", "genes": [-9.896106198272227, 12.586082133356216, -0.640072642824661, -9.650865753073196, 13.53255865221306, 7.108761313016124, -0.7604976280605227, -12.35682697009427, 20.03227678237276, -19.343323914704015, -16.387789280954557, -10.45478459950713, -3.802678163985679, -10.035733549403982, 6.55097656165165, 13.883490778637986, 9.680074883118326, 2.586772603592638, -5.2056540473590935, -5.9294926027221635, 11.024519325266507, 1.9913634369392115, 3.8371984441654985, 7.509423933299118, -11.491755030969424, 1.5999932644843549, 20.553364772620235, 0.2658300374179837, 8.573140445183832, -5.413790297506579, 6.383955849883425, 11.42699824907542, 5.6832986590559065, 11.63249699432964, -1.0091183773938732, -11.830079657889813, -10.163326494435022, 8.648784665550794, 4.438516697798037, -5.446921454148697, 15.78844291361459, 3.8864146092279097, 8.13610011961747, -1.6913930841425642, -9.222553265211216, -17.796170041902435, 6.8005754591340475, -3.3790199628786692, 10.945753508998346, 9.88460827498366, 10.959032352278607, 0.7710759808273873, 15.04626499952993, 10.151889775471064, 0.7427108508035972, 11.019323957931832, -6.155260643638746, 9.097447248588791, -3.9531308711435345, -9.171110735208131, 7.160698339128583, -14.544145069838782, -6.953306514046852, 5.785782855073558, 5.212194240686345, -8.666983112429204, -2.722040407889982, -6.939800480844672, -5.025921029483972, 7.887433058544913, 9.751326065387063, -2.4375883278783554, -2.992987319381769, -1.3930562598615706, -1.054078291686127, -3.7600867350966864, -2.399102869797695, -1.843278363920639, 12.133453353760423, 2.2644328398676206, 0.22981434284964902, -8.496884181661779, 8.940776851343115, -17.444886655562666, -11.920746311369244, 7.943394961626354, 3.0581351708676907, -3.1849180940379784, -23.10242914917867, -0.3222343886538709, 15.253577751419144, 9.302220084109273, 4.265969148699381, -4.75128774601203, -9.509490036536627, 0.8539719290180475, -4.9461169760802965, -5.794477129528108, 3.9569328542662294, 6.846702411911997, -31.10736264399658, -1.1036187084092488, -8.924496350746157, -8.919838243176633, -1.2067946556856717, 8.994310601034007, -5.687472239146898, 11.484044031030761, 0.8801236263210743, 4.903456833507866, -12.122247823859825, 1.0739387715188065, -5.736551646606926, -11.16285798872203, -14.533632746239638, -0.14480055055517024, -0.7192352464457227, -1.4812973352248187, 1.3091563786290512, 7.789417261633171, -0.5282934963810786, -12.908571342272765, 10.099384579429111, 0.568195987475941, -2.742117897893332, 5.88644327123516, 2.9990021030866645, -1.2700450649383879, -6.158206967462356, -14.713140292487479, 11.643163448107037, 5.140089608936545, 2.392520676051005, -15.000779483836007, -3.8282608643162113, 10.695248339075716, -9.231216440106165, -5.672872999522294, -0.3077043522256222, -2.507975419405272, -15.821109456529165, -5.3273377816503515, -3.5222673055139486, 16.842878371924463, -8.481921015792828, 3.630170625294904, 0.40747194036940987, 8.89802949398459, 10.358031206161968, -13.936100595298255, 13.404282817200205, -13.09956421568947, 8.932573428491507, 3.0661043780602197, 2.4399794582875662, 11.437153898285136, -4.979670727695422, -2.781516307738204, -2.176893029422504, -14.397100497791117, 25.359725652829816, -13.380866724281745, -4.315506884573584, -2.9199652624433368, -1.7019800586946294, -13.285752202509835, 9.671210516452227, -17.877471148948125, -3.9133915210827452, 1.8877523048280387, 1.820775200301774, 4.453733994837341, 3.142192792018441, 6.307819904294172, 7.056260012818769, -10.516801016956055, -1.1912520048773638, -1.8949889576581107, 4.548579067204059, 1.6085192358233031, 6.134452901960221, 8.428556361846617, 9.18664046949969, 6.406164232823447, 2.6675924609458983, 8.600188510588525, 12.533452408619139, 4.822432482127669, 10.476570802389588, -8.196812126247668, 1.3933200721752885, 1.753979948005653, -1.3198228567304433, -1.0647404042078668, 16.140220370751397, 23.98858129693846, 16.367345435368737, 3.216706744270029, -7.664000323265744, -11.571082942115213, 3.0762358276572144, 9.33660076154405, -3.4496541609195845, 5.331637408274277, -1.415130941274926, -2.9381703372390002, -3.7752813301037804, -22.855071140099977, 11.118724765483854, -11.624950095849305, 7.866774934045778, 10.337047480569566, 6.113576284760462, 10.928306719721991, -7.2002754444313695, -5.757650534625376, 1.1235267328648084, 1.0481609067752136, -8.976809578713592, 1.421515731246548, 15.183673669945113, -10.958882047584082, -6.120187242968284, -19.41306507341982, -17.619088701879814, -5.113884623344838, 2.6712767129903616, -6.781700079396342, 7.572473300238018, -2.5199743559657115, -10.61428884511849, -2.996125432730661, -18.232558128947016, 3.0477205615622633, -5.948850600270512, -0.23168607280148268, 10.373435054428299, 10.211548210956845, -3.7205475066402176, -2.247009336684551, -4.596700583099607, -2.062080184221517, -0.13009945618906574, 7.326968077298848, 9.936390598384289, -9.631268762556005, -22.00139456962946, -7.962980245905909, 4.33258503844202, -2.30184871106832, -5.733954836004286, 6.344960069858613, -22.135495085379496, -1.7829579543105647, -9.314775084204435, -3.784024403165772, 6.726289810499967, -1.890921666388015, -11.29918739876655, 11.3709972495479, -11.330732953077622, -1.7999752986833366, 0.36317072026427555, 5.131966505674098, 2.0948350714417456, 10.807918822953713, -12.29996829178828, 0.6128592822794404, 0.6891225691017164, -1.3020764635127913, 11.326042537899067, 13.233407808911188, -11.058936745614158, 9.360129664358936, -3.133089466774483, -7.507138123289593, 8.681125340341444, -3.388122878722249, 12.498594715677353, -4.330718704101732, -23.150643318772147, 0.15842323184287008, 3.604888163014606, -18.462337973123386, -10.815715764433019, 4.4056472293911915, -20.814731983781297, 9.90133353245954, -3.6177444107340544, -0.8486750204849141, -3.212848889930125, -7.188443089783876, -6.744507141357151, 1.0424823949963755, -3.67421863049651, -6.158334480748014, 4.2161928839023375, -9.87029014825156, 0.6412885547633841, -16.014228712204037, 5.258615259195042, 31.31820892075278, -1.0084659988113998, -11.197540718640425, -3.7156889978758723, -12.27370936971906, 5.332563865435335, 4.004326246228099, 3.6825709611585147, 7.129500141681411, 18.104507862464118, 13.872518732822341, 0.8408846529369964, -2.1208032482152848, 2.046882400975003, 14.953701325208916, 15.707886873224203, -6.474693592499265, -11.320194238452423, 2.080958506230595, -10.405348283449857, 8.183128501977286, 4.098023098765528, 2.47857074611288, 15.553530947109792, 0.01735298301912908, 7.405882460175854, -1.0337126317638723, 17.728380811950903, -7.120428269307981, -3.2475104507695383, -8.955762467061351, 15.164302364830661, 12.844299928057454, -16.92676433969291, -3.8635470291662593, -0.5435837002793679, 9.347260660358396, -0.8640589762173014, -1.4113900003074362, -5.468139937024864, -8.297770434653755, -4.34720801248139, -11.04938572390972, 0.39420866233491764, 14.703024357547356, 22.643779666873552, 7.241573703146835, 0.039178492351335935, -8.788267794091949, -6.867319229031886, -0.7223611742538031, -0.42671134520228554, 17.61725008502335, -0.47933921825117487, -5.274098963644429, 7.9660883239571465, -7.912611558190322, 20.256482259045114, -3.610948583521434, 7.402078846312927, -20.528298842913962, -8.392614657149911, 17.871536276141644, -6.596878407332815, 24.49292856095867, 9.883516372841568, 1.5413517989853245, -7.863973625790891, -3.8973411115561842, -2.601839877738326, 13.510198189739386, 5.260952084413771, -11.817668396114763, 8.48085606008777, 18.166587909571035, 4.756936751573122, 3.0158186151472437, 10.01966061903984, -1.6257651313642174, 31.3624372061658, 18.395808531127383, -5.753472412272939, -2.885357965553591, 14.680516953616834, -13.229235340859361, -10.976886460277708, 8.329279160009275, 7.726545509580862, -8.446131972245158, -9.800589664731303, -15.943936577275373, -18.224462262233676, 6.283206739748579, -0.33430166611691015, -6.8567763943541715, 