{"fitness": 65.53, "name": "Nathan 263841BAT", "genes": [-12.871909552543045, 18.476985081220764, -1.274317201969425, -8.787456355395673, 13.663316199970138, 10.080315235356077, -2.937771616126859, -11.856307945450057, 22.27816250421719, -18.639169431950283, -18.969697652460557, -9.538684669504908, -3.9725266793004193, -10.45131980293483, 4.649598116932809, 18.66501064492216, 10.025096090241249, 3.312657936402911, -1.8868328902861378, -5.531792380645873, 15.942973901226225, 0.9289964490346033, 1.130509295222356, 7.444169660081842, -13.857483163022236, -0.696665579146989, 19.514826381217528, 2.4111173745275254, 11.754880238681672, -2.7948344910953047, 3.2186330363431432, 9.922991840214118, 3.1151247726900784, 10.22945035822937, -2.070948306424625, -9.43603617076401, -11.200698464669557, 9.342556712718274, 3.852706214622953, -4.811687457359766, 17.0924670700151, 4.6202851201740645, 7.6797643594387015, -2.265852048002949, -5.770438139115305, -18.26161918953034, 6.76063002327343, -4.267405759057054, 7.683720328734104, 10.458179314463603, 11.112224757309052, 2.155235220645535, 14.879799677694445, 10.620837056977111, 3.6369503074005474, 14.617747747265716, -5.6749482969269724, 4.891248772769056, -6.248893474167042, -8.344911271182072, 6.086055689081029, -16.84916625925409, -6.149889920080927, 5.641729134135037, 3.764131946474478, -10.710335989231428, -3.7299023706302155, -10.958736356117525, -4.670639157078795, 5.438119379575329, 9.993609199915266, -4.066609170644358, -3.121755196461331, -0.17058366475768844, -3.0081584900426104, -2.504106323327908, -0.8985218834521774, -3.7118322921469478, 13.075232450320353, 6.25762862547635, 0.20394796639081228, -8.842780235711004, 5.351924381939903, -18.733634969238924, -10.22744903592957, 7.906408526753348, 4.770694862229065, -2.134635126790888, -21.57997607457193, 0.6111826782775521, 14.270138812908481, 12.675839513407011, 4.132254965448019, -1.3051331053402213, -9.281521907831156, 1.0688723549950447, -6.634710462663016, -6.308198845786307, 4.639335198987078, 9.055325840292374, -30.096937070474997, 0.736364298976691, -9.649068429826096, -8.164579572589265, -1.1994388033400678, 8.607642490428596, -6.2344471438944815, 8.142083113605771, 4.207934172449582, 1.9087934978549221, -10.369989330352903, 0.004938786006244707, -8.886468705165044, -10.082458142217885, -14.765774061127813, 1.2103810088012743, -3.7877700830371506, -5.508857427335782, -2.2627907462977426, 5.074641001694051, -0.03643694593556694, -13.839867103992995, 13.368534462218141, -0.7231255636028349, -1.0307442194308398, 7.485665532563339, 3.583066397517128, -2.9673749090364527, -7.684244766547187, -11.363523003476566, 13.574776561844896, 3.999690821203342, 6.269366974835016, -17.675545130595825, -2.7208607000171527, 10.14822453614675, -10.678482782038541, -1.479027613599908, -0.044045092812790246, -8.278452565572037, -13.599462732758774, -4.618084217965398, 0.8309297971672396, 13.972376134440465, -11.071431083578872, 3.5691024654814485, -1.9502074189161487, 10.349019191646947, 10.624543297858613, -13.917021530523826, 10.359554040404484, -12.58265318374835, 9.354791426729149, 3.751470330841986, 0.7645688601322873, 11.321513028218511, -1.7617778077958282, -3.4849469231575045, -2.625653578985785, -17.91209117143812, 21.242546388507282, -15.83717196970334, -8.460895357247454, -2.1858556785076444, -3.1422142546768406, -12.56754247945832, 10.62912772808385, -17.267200714062565, -0.8500394805919584, 0.9871863348034563, 6.304965275860673, 4.3637481630604915, 0.7652814834294704, 6.798186851985649, 5.844766142258036, -12.756902875641206, -1.6507965626395522, -3.9940935116700915, 2.5937802139724115, 2.8176456946013637, 2.799981927003183, 9.501793513041621, 10.340675576693139, 3.8518233107435083, 1.380830791414653, 10.917951314078433, 12.101101305320048, 4.308703755651432, 9.882582998463121, -8.821202552777974, 0.4142330428751668, 5.177334326553806, 0.44799689600622333, -0.5198979509255375, 15.674986526448677, 23.86489192467698, 16.116563715341655, 1.753319340819238, -7.86492124693853, -11.429318055214422, 3.371675309927959, 12.518877841600125, -3.8853596788467413, 6.433967874181409, -2.2442082534344587, -4.441865656239006, -1.3487752382759595, -22.128066427756337, 15.070916630252798, -10.83849478368672, 8.363292429659218, 8.247092918810253, 5.592082209491048, 12.788115862387272, -7.982207798334068, -4.929804747311535, 0.7335981353014108, -0.18724132831529666, -6.433276036870871, 2.8595781027250853, 14.135806155023726, -12.844021926383666, -6.505566422992114, -16.221338932490998, -17.60920114650303, -5.760685155745978, 4.247812745741342, -10.353345358295174, 11.822620786149848, -7.316248445364982, -7.699684491190361, -1.852829058338008, -17.808570945730168, 2.634876317096521, -5.7288257249071926, -0.7416956284058136, 10.30110136235073, 5.872693188328947, -0.08567868724059492, 0.00048073099783517426, -1.8727691925846102, -5.962785119298204, 2.7195827193141335, 11.692170750084344, 8.68461592430383, -7.700908218836023, -23.28219715009789, -9.286555947555161, 0.7535239855577937, -5.01867905233472, -3.8785463962088693, 8.585905981173278, -21.25991019140653, -0.7647357460376555, -8.238021387405349, -4.767293502164331, 5.803228842656562, -2.788377881306834, -11.921132749372733, 9.443313399933013, -9.510235582156286, -0.8082929666643103, -1.383742882474419, 3.2675876843969736, 4.2783038611962825, 12.041195978238813, -10.38296662023705, 3.4237359281878286, 0.7244605606959462, 2.5380547619436786, 9.39152992125687, 16.428885885400106, -11.64502876867244, 11.429421450039548, -4.262754119612168, -6.326815979598262, 7.339798538659381, -3.6569940555279024, 14.296042923244087, -7.2406422785376465, -21.528667186020616, 2.9690136752581413, 2.0601794329583116, -15.790047755074738, -11.399253482974174, 6.023874670873075, -17.797804489060105, 6.709100162071511, -3.449043873815249, 1.8404330971070368, -0.42219130239297, -6.040449242305869, -2.7871919514753576, 2.0692097217703194, -1.132317057784422, 0.48058109941238736, 5.621541229888393, -11.25645577249663, 0.16338834271606942, -13.424398608709682, 6.4784755734309805, 29.035045341250836, 0.4086099742817525, -9.984723482853829, -2.48004159030731, -12.029084852852707, 5.404675134231905, 5.62413109515353, 5.605086559311845, 9.343332496203718, 15.590734904618541, 16.210627295831692, 3.999344736393123, -3.403896380591707, 1.4009478049557877, 14.661783525935768, 18.583866771573526, -6.1427829556639955, -11.325669061749815, 2.658062619713192, -9.16200674313956, 6.894347782420967, 4.594277502209911, 3.992933895795821, 14.82696680659114, -0.49145530535173515, 6.807305474946277, -1.6177247893783469, 20.495467386256482, -10.578790623866812, -4.419930422580524, -7.83415486740645, 16.713478610244188, 15.250458397878809, -19.024479097900706, -4.919143644615773, 0.1441927106484866, 10.2936920534918, -2.0515667494000414, 0.3974739536784224, -3.3375072021719467, -12.300718912131693, -2.2821570898794787, -11.6886903825379, 0.7876232873294666, 12.809526021192859, 22.727613580555904, 7.409877969305281, -1.6548797169246983, -7.00290221156586, -6.436533993881853, 0.5443532762925521, -2.1981177286122704, 15.123376319779249, -4.262210709706612, -5.787320383789944, 16.155318005944732, -6.202762995382197, 21.366329138619463, -2.4338166839477955, 9.5397829475138, -19.91706691041971, -8.268863435800442, 17.816884851712658, -8.570022731928116, 26.228410413503816, 12.529560659368382, 2.1207678770455254, -3.583847210721527, -3.0807275953747766, -7.016188157415104, 12.829452640884673, 5.439575999499983, -13.66075946951575, 11.974597971791093, 18.24076518859562, 5.269576555118017, 4.780056956834719, 10.441705524646016, -2.1716750648987735, 31.257764555185855, 15.382357551208981, -7.744388412475585, -4.5301625113092605, 15.35578933587467, -8.074627832367451, -10.546938603585007, 8.851330700406567, 10.520028862924622, -8.193368008159007, -7.176673355312999, -14.836463359112187, -16.914197366101547, 4.953165004104015, 3.408742268512687, -7.861076196829196, 