{"fitness": 63.29, "name": "Nathan 95BAT", "genes": [-6.882316811919805, 5.2963256301876, -0.28467825055053797, -8.627809287961506, 10.520367820108197, 6.835525202868083, -3.786425923534348, -5.841193871104327, 19.02139494429648, -19.22993183657239, -3.2398494090678955, -5.654111003788377, -6.778342313372737, -5.32105325830635, 7.751141571651182, 8.855637203131664, 14.587902586920281, -1.667230185213439, -8.23774103446765, -5.902740554479764, 10.604824293870433, 6.029977263536874, -7.004738667997255, 13.746844450101026, -9.487725359885975, 7.008897347735831, 13.555256558864983, 4.739078582296751, 4.809264029761484, -2.455180911327165, 5.583187854664894, 10.781601188875754, 9.611954415014162, 10.348650124278926, 8.639711137105445, -7.498122537440418, -14.86422513259367, 4.35025334433855, 0.13196718476342573, -7.745111222996716, 14.960300312601255, 2.1913193517648875, 2.6279588781870378, -9.416469153541314, -4.425443803281328, -13.725703352816229, 2.9393863148696946, -2.7716617843793854, 3.5987102153957076, 11.954062594431413, 3.4790934913376907, 3.2810791516806437, 5.192904277028788, 6.863085694201192, 5.1212977984091586, 13.342637685713433, -6.5182168476214155, 9.541582653106225, -4.742990337823023, -4.839431820487648, 7.444626399771282, -10.546438852877525, 2.9848083719806575, 5.383022468999406, -0.659915611480404, -7.159598595033869, -1.990444482327588, -2.6483217561263066, -7.911394076531161, 7.748710587819634, 11.655316601209828, -3.106314244860234, -7.028237792075095, -1.2833698898918642, -2.053762556161734, -10.308479428977435, -6.744378574084098, -4.169366937401574, 8.41929029559274, 6.171436897457116, 0.8730054390233917, -9.030343305950353, 1.214124955962192, -13.679907212867455, -16.901103716126606, 0.9538152223909473, -1.4360511804686993, -3.006716134767244, -22.815868361490462, 4.506239552125652, 12.588535189096868, 13.251688177084388, 7.330124982883322, -1.794951757618121, -1.1293973336622019, -1.6889160782217987, -5.613226009698352, 5.043495872942885, 4.034469424939255, 7.088034498604712, -21.999854677300277, 0.4425495310359878, -7.379621759958237, -7.659981992127128, -3.4591405696579254, 1.265251194245435, -3.0699447711564454, 7.606152586965167, -1.73347783387612, 0.9590515143817895, -6.744178690532197, -0.7475647954621806, 1.6515795911987956, -5.711437043762881, -15.259985525869084, -7.161433846830903, 1.1736428479656786, -2.6721059491355743, 1.6926219084687748, 5.346360437027433, -7.6385106702013, -9.417364898445658, 12.974268344646871, -4.392102575554934, -0.1373133752599639, 2.237255879389463, 1.3335428682299768, -5.847221611409873, -7.96968813463949, -16.358673022710164, 7.542522779343288, -0.8299353449147184, 10.697844350322262, -15.472176097067436, -8.222564054108235, 6.990212806445912, -5.59563140457049, -8.92297518486376, -11.954231818310053, -2.273442841507986, -5.131329121957719, -9.200541746257976, 8.776908918631404, 9.93439405989222, -3.5723620688064437, 7.882659038247507, -5.681151567788853, 1.2145609519770098, 12.403971220985461, -11.739300911346229, 1.643410771418534, -16.396094938972563, 5.33919917233651, -4.174512737481664, -1.808397425688099, 8.93608913146525, -8.063476420721786, -6.044941298880773, 3.2889292645637602, -5.056093766613405, 22.816092182043256, -6.630737127325033, 1.3124502665851887, 0.5146537269536966, -0.4975469785449034, -5.5956972302317, 12.767981510688632, -19.948179910610477, -4.750582289826407, 5.023024344170256, 2.9862470418247606, 1.611351614776321, 9.304431146939315, 7.452913325281016, 12.09120960693355, -4.0008732342423805, -5.606285782130121, 4.946849730040184, 2.6890307132711837, 0.9131770392731509, -0.5580766241807273, 4.121996040373956, 13.604453214002465, 4.702992308611013, 0.7077862863428486, 5.049106877012665, 16.49270430737508, 3.404556289738102, 12.282498250923748, -5.997950448606803, 5.000103399980971, 11.143884276477754, -0.1991506435225043, 3.335446468387008, 15.443288062054474, 21.72159284771035, 16.55334817602048, 0.6005033877086028, -10.827572575195157, -6.429706615204102, 4.129408381333982, 1.4590246062840715, -1.0929896886362247, 7.680126707388477, 1.685674460521983, -2.8231536095101144, -3.8258544829688432, -21.791876339858838, 6.493640143669116, -14.657052615898548, 9.169563070577743, 7.874060766530468, 1.748411291311108, 10.567365882059283, -0.5930018317755497, -4.969544503885361, 1.595002786972425, 2.627984774565577, -3.1195773067245502, -0.8014692958312263, 9.97194316614254, -9.792869978108442, -7.862297245638762, -14.78343295296151, -17.917302727473196, -0.11955139595768, 4.155930744380641, -5.623709275860356, 3.870182236912877, -11.039725026332865, -8.925555256969695, 1.5298851637562407, -11.93721426125468, -0.7545420017406146, -11.330729004564905, -0.04181259776807893, 11.52625689859749, 16.16610200236827, -6.524073482705057, -2.455419718688083, -0.04737948360737741, -4.614815025359977, 5.820078808075678, 6.812977538268926, 13.56363477680696, -5.07181780886842, -20.76688957549775, -10.983227610452738, 7.953313162933663, -3.7893237019885193, -5.695069069687483, -0.06879155232743357, -13.440094574135822, -8.807101389876875, -9.73951820497127, -2.322128070411211, -1.8165049042596952, -2.39350460660918, -6.427280911207877, 17.68415012689023, 2.7410047337168857, -4.353825863827188, 1.8212639641388633, 4.272842007232984, 2.336636594658779, 10.082099756610045, -9.510477868741456, 4.033843521925557, 2.149620295881513, -5.549108098450202, 0.8933679707417688, 6.669120641041713, -9.025498449221422, -1.4333943251359942, 4.013579203200758, -5.159081065148337, 6.418462744583358, -6.806696314813256, 13.817324946636278, -8.986316768230694, -19.740275730711858, -1.8483300144670733, 1.2997400833157762, -18.943985288119745, -10.316867363987834, 0.8980679975001962, -23.003981803580295, 15.942397528658855, -2.8987817696120546, 2.261178550247339, -2.250380946911094, -4.288662070905918, -7.596160817940239, -0.7557358183797066, -3.2662606506392655, -5.148289453823751, 3.6724307621652907, -6.397376251983075, -3.377758349469935, -9.8711788738619, 6.633816606715581, 24.13688678386618, 5.90445926351959, -14.32301825951307, -1.461928725512697, -5.319128235544067, 7.940719093804048, 5.037355217766007, 4.54519422435487, 3.9956849159413883, 18.114603224203183, 12.325730628628373, 3.9633716411779916, -2.5917215845422015, 0.15910059649653036, 9.32459202837353, 11.466631160846376, -3.9665800331673853, -20.50500399149429, 0.8222640421303217, -7.462292594290252, 16.69373455729622, 5.979932183968499, 1.4738646476756305, 16.049510945174042, -5.680882506592017, 11.77086460634845, -7.611278719364766, 18.302990721808463, -5.236925006911398, -3.5553117002928714, -7.525333797098411, 7.046507408934826, 11.761169263983724, -8.491547012285613, -2.3745589755284624, 4.535400966495012, 11.332293390468895, -8.233959524505662, -6.0273382610560535, -7.37882328692815, -8.365064172724011, -8.13819734328679, -7.64572481556152, 4.811942612732102, 18.70419543299536, 21.219193091671478, 8.5032306435269, 2.604734738800684, -6.416181001408035, -1.6301874607357545, -4.534156121225211, -0.4427149501118126, 22.94670615898815, -3.4888684840652595, 3.6300639781893373, 6.332234112552409, -2.7367365751597688, 9.56749089557074, 1.401264689619073, 8.387539689524768, -21.098806803184853, -8.356535475137317, 8.694413085831727, -0.9861907632712342, 24.688607786502505, 3.8663469527505745, -4.3996582112040725, 1.2110653140724126, 5.711814498055518, 2.097155098433111, 6.666095597114696, 5.5906957099810795, -6.386703808564665, 12.340025518303555, 16.447436609769195, 4.755959108885151, -1.8513713873450228, 7.812050947012901, -3.0247048949577513, 28.63181410944144, 15.848957755128763, -6.932425729691422, -1.1192942232672578, 14.799937822884624, -5.356682104074733, -5.994194389527918, 8.720801814009198, 11.871047736671962, -7.3832778732389945, -6.80432348895347, -16.68141480994759, -22.870156667849947, 13.345654210561563, 3.0249755618587204, -4.166590995473825, 1.6628053539916978, -12.520768284912485, -8.057003494132271, 20.195314223574144, 