{"fitness": 64.77, "name": "Nathan 205702BAT", "genes": [-10.314619909327089, 10.984507170852963, -1.317788588747542, -9.706945255880601, 11.641567931802403, 6.71672959669792, -0.7189085640828532, -10.881347981035077, 20.04938123145598, -19.202724134601556, -17.27535280066147, -10.956002884359656, -5.125540804431081, -10.11021259165262, 6.215537414267992, 14.199869770046323, 12.226073160259435, 2.5698553055994964, -5.61169674819432, -7.443649783208439, 14.10107379238688, 3.704439209798656, 3.4543517657780174, 6.409142197178023, -12.192784648219368, 0.6389847100106684, 18.408714596062968, 0.16303292224819094, 7.766467179594819, -4.634291428565316, 7.236612199877797, 12.876916845265681, 5.144451068206246, 10.779552616603382, 1.7522027337577921, -9.921753286710091, -11.072725541479368, 8.034645259381609, 3.378940853831582, -4.247494276853595, 14.327221390313667, 3.0392910442119083, 6.9687531385876715, -2.3726552431906787, -10.42318929499768, -18.49532679073089, 4.648446549864541, -3.7612377016779632, 11.225763489872186, 10.743661578220369, 10.367726318707135, -0.005823069281912341, 14.093769734319665, 9.52771551104583, -0.3740631637591786, 10.29416904912243, -4.770821474783043, 7.686347944314617, -4.710932997362857, -8.631025963383594, 5.730270199445733, -11.48598087081211, -6.662147285642731, 5.519318143755293, 4.5531896959926375, -7.002771458579604, -2.2545987763518194, -5.755011108025034, -7.017050720274466, 7.318056637300103, 9.941698973005291, -3.281583165236822, -2.162829596432125, -2.1254289611628003, -1.071640805917478, -4.188148210656358, -2.2796985675116446, -2.7904077480768343, 10.812896245261621, 3.637905801988342, 0.44066789571142734, -8.39493847549335, 9.520355822856407, -17.72412265600986, -11.636264983830175, 6.247810128680459, 3.4602343480989304, -5.278559178835131, -22.458723954226784, -2.0282689731717936, 17.15337406422358, 9.093686098382664, 5.539171451738884, -2.258611578609629, -9.55486409629639, 2.90571848310125, -3.7196883394308675, -4.998747158462456, 2.7982734066772763, 8.8343649258806, -29.55502787022808, -1.7700128009359486, -9.383991842528966, -9.580523009697137, -1.3370066365322344, 9.746209297605288, -5.963539426491408, 12.470814091548393, 1.5134415736848792, 4.1979854381617985, -11.018411625375336, 1.6337966430039896, -7.979437258798065, -11.044470958033857, -12.971740773181526, -0.23472759732881118, 1.1925627021708727, -2.2127479754696697, 0.10324965747333166, 9.23760908308198, -1.1845167893748272, -13.084144986164148, 10.613665432769976, 0.5329073338567609, -3.09971048001015, 5.325240774158889, 3.713850485063024, -2.958237911861882, -7.897795607914611, -13.672194797840664, 10.563522532460768, 5.321588593985665, 3.1242404939828474, -14.765527132618889, -3.774533701251199, 10.305203099663226, -8.46385993751268, -5.796199311722381, -2.6221945971842326, -2.786150162823145, -14.669203083147936, -5.3998482362253775, -2.651492136686154, 16.564894997129844, -7.96746770781974, 4.811668589132591, 2.433164178358362, 8.852382224520605, 10.596384022682022, -11.629420473290013, 13.177075293764757, -13.468776135545419, 8.473994247858961, 4.245752325984315, 4.150825260330971, 11.58018951938439, -8.192248365682795, -3.1068820906397634, -1.2906035534525702, -13.867006972266179, 26.733011036304486, -11.95940082902101, -3.6995512604625502, -2.7911274898150515, -0.8660320975662306, -13.229372391040814, 10.634252255205663, -18.04397265207022, -2.4461018738268803, 2.8843884254286425, 1.1342785037900525, 5.069250686628787, 3.5427599748362097, 5.905742127284636, 7.235948092316552, -8.606529868638097, -2.532818028906, -1.515923040608835, 3.0928602308946678, 1.6379475792841853, 4.797108772042277, 8.13441929709534, 9.856130514046141, 5.030938337177023, 1.8288030029616307, 7.891146823015481, 13.24134416994677, 4.30966099247556, 8.13114996302714, -7.604648494521536, 0.6148013457970372, 1.2867795420027075, 1.4222359268731655, -0.8029366813013289, 16.251730849417932, 24.984337304510817, 14.490609976102366, 4.2640323835411, -6.2899008051652165, -11.411908358518602, 2.9623038877774226, 8.719645448946386, -4.5452700256882235, 7.0662760425663675, -4.081520135661876, -4.055762523434831, -3.531331391487888, -22.822720321692493, 10.563608415176015, -12.413408506057301, 9.522416572404381, 9.618981244501716, 5.086142372236255, 11.964233551694766, -5.716166242722484, -6.873378388773836, 3.3304990802218555, 0.07735236746897835, -10.01302532241466, -0.07379797007467889, 15.296359131010195, -11.069880475872248, -6.435307842310679, -20.36856212594887, -17.2930817970458, -4.444331731873986, 4.019707634051792, -6.581094236533665, 6.307058253631612, -1.8091507549079517, -11.664116558542403, -2.3596966021160495, -16.664832964332412, 3.8357519972656506, -3.3511924246278615, 0.9265780059405619, 12.775399623265791, 10.666851062332327, -4.738690555231918, -0.3550199649292319, -2.979342934601815, -2.249612900559127, 1.1375349116651972, 7.99981423897961, 11.686667741575974, -10.519385353755547, -21.940795838380573, -6.8611868335762765, 3.9817960763950278, -2.139416969697569, -6.803812442860065, 7.123142085697322, -20.82904077221758, -1.881285826392242, -9.424422774202695, -2.1883542935972993, 5.367010084909841, -1.5905915741729766, -11.6753690047352, 11.378689915341349, -9.091500805552771, -3.96539352963587, 1.4349424289422366, 5.800306083602325, 2.5977840919480415, 10.759251336311863, -11.388370785196543, 1.0174577547194827, 0.7161478461005946, -1.330525334319424, 10.86019736145329, 12.059169412143538, -10.588544479681964, 9.873995557214766, -4.312736343884685, -7.2971777898867725, 7.734353265233502, -4.10225767185043, 12.276135540575053, -5.669128026124831, -22.980954147725374, 0.7132661741006312, 2.084203577316187, -17.339980920028484, -9.545888243639917, 2.1179452574101427, -22.214217736135637, 9.78304214808999, -2.5769518821699693, -1.3835932592179916, -5.392274226041053, -6.200132104931055, -10.246207902822784, 1.6282462415097585, -4.76809564471329, -4.05106515028833, 5.1289227093265595, -9.497213919983546, 0.9241773666443985, -15.017374412463086, 4.22733170725148, 31.93186949208265, -1.5191588633137632, -12.11785279796266, -5.0410306440092665, -12.784407252734711, 3.1329662352314904, 5.163129424155363, 3.009014019621863, 6.4057071057985056, 20.15108796354178, 14.274612534234286, 0.18865503226137648, -1.7993250001652457, 2.232783062188996, 14.356832740962043, 15.95385503520378, -6.977610139430051, -10.17945703026535, 4.492690702620397, -11.88555751307206, 7.860470770863446, 4.551320812293687, 2.0835264860825036, 15.605078564769398, -0.43143546505953595, 8.698562978532168, -3.1726834905001406, 18.220360685964025, -7.1053232401866735, -4.679440396486687, -8.620490178146017, 14.878715892162598, 13.106084054262384, -15.277853838909083, -2.5336693352649204, 0.7728759291624017, 11.231000587460233, -1.2171854390118468, -1.6636422082884188, -5.722520528921684, -8.315417963055644, -3.48947648174895, -10.41209101533772, -0.5181204062646685, 15.154804072649098, 22.481401688331463, 6.938650004263315, 0.974590277160277, -8.58813205367817, -6.475175348363226, -1.297554703996607, -0.6655183170688946, 17.586032268341214, -1.7228024428778712, -6.558439831991476, 6.031023157901121, -8.39739875470911, 21.414401599133022, -2.7702955738941744, 7.389392167944456, -21.023096291393458, -6.802037103008244, 17.258627938145754, -5.950740743901148, 24.27013427882183, 8.063506459127275, 2.0198143268807174, -6.929114615113205, -3.6620072468744613, -2.477004115337917, 12.885213788994502, 6.6000358090934625, -12.573973997963973, 8.879320582029123, 18.412746884790987, 2.799844880458303, 3.290223497353871, 11.717870530102688, -1.2335230973186933, 31.48573123790961, 17.901834308592317, -6.016362942404402, -3.4594773671869556, 14.031796271511045, -13.488581694176997, -11.456441621854122, 7.816244027593135, 9.151703544502615, -9.026316601952399, -8.882191011016637, -16.42460834432898, -18.648086259110556, 6.534657331477167, 0.6826732098702193, -4.609199652619438, 0.5925991806477792, -16.012074362416755,