{"fitness": 65.69, "name": "Nathan 481680BAT", "genes": [-12.390064585922673, 22.8223050747798, 0.1285366323895906, -11.40759533914039, 17.74533688717931, 8.738957298922024, -2.090781093142753, -17.61866369129803, 17.337151168709365, -13.755567259438921, -27.820545640313565, -8.13024644620377, 1.651816613845439, -3.611033958946625, 2.921780809650112, 14.874436681837954, 16.710727722011995, 9.855418327181013, -6.859539786060642, -6.793974332817346, 20.06974962882296, -1.7750632578032384, 0.7611302231382666, 5.213897304329413, -11.381699133213306, 5.479941048000509, 22.561571360896576, -8.350602688694384, 17.11533789056444, 0.7176252563507988, 7.246025153910075, 21.56866903618806, 6.035045576381905, 6.8359364846489035, -8.747202053536709, -0.47809896694205195, -8.069739568369767, 3.380894460452821, 11.214033740741897, -1.8789882693284188, 17.78321415527002, 3.2038432368097403, 10.934942189087511, 2.5173148907301033, -1.309871749854996, -20.217432663314927, 1.979480923743509, 0.03703332239847988, 9.79320599879895, 10.384094358173948, 14.377822614036091, 1.6597755927279876, 15.784965594990313, 4.514365533643223, -0.7690152870475196, 19.710493493680083, -11.906524959212158, 6.630785348333769, -8.831792146542744, -9.357687018967948, 5.253576718383918, -16.203144885767585, -9.60767832661339, 6.18285714951158, 10.660899959305597, -13.075352815597855, -4.794331660002658, -16.92027963020916, -1.0374388648659059, 6.189597578948463, 6.233842972212758, -7.343016148645266, -7.384652529075142, 3.3987740227517205, -8.594608709646897, 3.791592886834675, 4.636045971040162, -8.391118588380536, 11.84729139068744, 4.38944061104451, -3.6842851876806284, -10.617660053783222, 9.945181994859665, -22.03403641448058, -13.294236385150953, 12.119414925696372, 3.8975780440203573, -3.490243323548189, -22.400563963522856, 1.0430170061108375, 18.43231354552631, 12.022167670390642, 1.350528695507749, -2.5455353441545507, -6.595540344423367, 2.2641858384916564, -4.306936009757141, -0.4553444513465523, 1.2285064118059392, 7.825643518728975, -37.598389383481084, 12.27673189596782, -16.07417949614699, -11.640335795994543, -0.01783269461261648, 9.976505509739498, -2.591248216505623, 0.4569476182664184, -2.1823200071886437, -0.04767565292203363, -10.966157959016119, -2.2101904179361713, -8.936828828594317, -13.511029252412676, -14.920735107960944, 2.346843918790672, 5.715616858715853, -5.2239330944504845, -0.040625118117325984, 0.1919171702375342, -5.734721158824542, -23.377141397383788, 15.955838109548967, -2.9775610684111937, -4.792407924736837, 15.300742749669126, 4.06461685681942, -5.3692275433042616, -14.92034693394183, -9.797305851724637, 11.599939989681795, 3.308491460142569, 0.8098701217369271, -20.520605045616364, -10.960506220681381, 13.422775007998785, -10.324122355672609, 2.4596520521668426, -0.7328680548284532, -7.9974847494600665, -16.712351829034787, -7.293282705080542, 0.4775925920628511, 10.640779583436377, -11.632647077819586, 5.231598513030087, -3.660093217889154, 12.136798636694012, 10.492915831000206, -15.920277451371618, 14.563315937225681, -15.696099481509297, 5.785089581592853, 6.665931604762208, -0.20448006067857016, 19.975123698609476, 2.390696738222889, -3.4532756357794274, -1.4145274408056172, -10.878782888881064, 17.691836259070946, -11.97640154217462, -0.09220907729513567, 2.304997621373972, -2.8544291376586264, -14.728102299854196, 15.274131788859359, -12.675516943109917, -1.8544215417952175, 4.190116835594681, 11.389408184168547, 3.7012510098853584, 0.4009276005376415, 19.761307826475125, 7.9116392463492895, -15.2862623407, -3.704490909672652, -3.0839192335854264, -0.5365065723766138, -8.689711188571183, 1.8571351732747743, 6.676060374621335, 13.548017531827238, 3.399980749221183, 13.012359883939123, 7.55052957504468, 14.047459937474061, -0.9099047813431127, 9.733124456756753, -9.087523032695808, -3.4478457399133844, 1.0993428819225017, -2.6020296250532726, -1.8781220882431058, 11.375273901686626, 10.193140671451788, 16.248745466942893, 4.4868824007071275, -11.532271017546792, 2.1109001549776134, 4.9077541381051395, 16.770051606618328, -6.4195240385237975, 3.1130700537759086, -0.8506354572360848, -2.6349053708295544, -1.5082608056388287, -19.983526570678478, 16.341934265452007, -8.088968549032263, 8.5420610707745, 4.9895293284467295, -1.2129393151678989, 9.012095390909785, -13.358720550808572, -10.279465274056133, -2.262365145357348, 5.304790275294632, -12.555152494644158, 10.4793898818098, 11.600689877618592, -2.2861037024940534, -6.977142700631444, -14.024465749428582, -20.203278349394783, -0.995853097091308, 8.715597269488514, -12.654231567273733, 17.154211616534926, -7.086018041782551, -13.596495841332242, -8.558279670195347, -21.789209143407213, -1.3425856133564469, -6.29503059116173, -0.9842239114127952, 2.000158047689411, 10.649858297931353, -3.9697645737729514, -0.6876302116118389, -3.4345647398998014, -12.64962399518557, 2.9607220094490048, 18.256245188703634, 11.443685985776508, -14.490801074370797, -21.3912088517741, -9.049919239829604, 0.18737739119611785, -7.891663930808801, -2.576999325905856, 11.462043374578753, -18.405636248583303, 2.2818003129239277, -6.374149404658791, -16.604320383825495, 16.291309463936276, -7.3151371007540265, -14.418867508669202, 10.390859590550306, -4.235880174774948, -1.677579387437337, 2.376289216374821, 4.570044852301953, -2.041678886403187, 10.374710378986874, -11.494568060509454, 5.472599973699354, 2.963398679052388, 1.2322116652271289, 13.101356238094095, 21.37192395015918, -15.24967626169853, 9.854588062110512, -3.50306645899046, 2.248842584930997, 8.38246624645158, 4.077270722343866, 5.15688082860499, -8.481465053859678, -22.169153760401706, 4.383498097854796, -2.746482586256126, -23.06518594793745, -14.114742396094172, 12.330958881131917, -20.78829648849135, 9.92121567340585, -4.117308280026519, -9.47841970620021, -5.792605647181851, -3.508272554900717, -3.844807930059033, -0.3512378725277995, -2.3031976940698913, 2.587991990988148, 4.743585362252865, -8.880712754032198, -4.025744337021404, -6.617380156052904, 6.260342869104232, 24.934351890687562, -11.471635044263822, -6.053857944648579, 4.321853632492787, -10.56592772542862, 4.985132426704068, 4.302673406004388, 7.6596227927880145, 5.446091247859839, 17.2544600360655, 22.595859926431242, 3.3178201259500133, -7.697584123788194, 2.324966348820692, 16.602194304663985, 10.922063231127373, -1.8003916891994538, -15.227508022322954, -6.845495847904144, -3.974298756274789, 10.690687350519969, 10.326233030188007, -1.7467493258999867, 18.057740165518812, 0.5948950673305474, 3.861446375855095, 0.5144121826700315, 18.603060230976112, -16.54706173674686, -5.0086284040818985, -4.672713237673898, 15.482854953548896, 21.383319936418847, -19.939862702060378, -7.230718073821085, -5.50829891652107, 10.709498328251383, -6.9689315540061365, 3.704611382626347, -1.198544339813218, -11.77223822558622, -2.1280522188939446, -9.803317435623475, 7.564277205897403, 13.998152965200909, 17.64828227180632, 1.2080000584372572, 1.1394570381513032, 0.05176356243216522, -6.612642790732252, 4.711012301991533, -8.341437585030896, 15.712188543291406, -2.615223360780435, -6.45709311637117, 18.967476025169187, 0.38863460616083856, 19.827975128293406, -6.286031158795915, 6.331732618260034, -18.29542577791141, -6.0153430955335825, 18.288045983807216, -5.164220261622867, 24.577264903975475, 11.534605013947932, -3.532171475537093, -4.879948492234679, -8.442275590646087, -14.188758927852996, 12.423786180464253, 5.981744945291668, -11.281068229788861, 12.489508984031634, 23.776756615407532, 10.460349373688418, -5.8898449111529505, 13.310168591565379, -7.475842475726189, 32.732787138073455, 11.784962745157802, -8.44709637639939, -5.756686854969525, 20.835339983611373, -1.9683757156940833, -13.437309457444151, 8.251706371474148, 7.0412946458287555, -10.625180953883685, -8.191520918275044, -5.885070986143748, -18.469688165759287, 2.6154287769688596, -0.7012541928469478, -4.158047203175843, 