{"fitness": 64.59, "name": "Nathan 205620BAT", "genes": [-10.377712186353824, 10.972573126311802, -1.145878284383576, -9.734405947381243, 11.770605721654743, 6.6324163465441535, -0.7465817504159631, -10.913150870799216, 19.961122586545812, -19.212897084985237, -17.375935434944015, -10.931821055966392, -5.055509998849392, -10.081301397554032, 6.007000315634703, 14.165896257450331, 12.44267627831338, 2.580250751978943, -5.661995797777741, -7.4959975376657635, 14.293208712365807, 3.8829362349578225, 3.5220153340799016, 6.379848617143186, -12.243301484360243, 0.7460408371423342, 18.535801462480013, 0.1045345488165375, 7.585738022149845, -4.388654408304433, 7.004248890993196, 12.735825194601443, 5.025111376386525, 10.538950551502756, 1.6679801118906967, -9.906811093543448, -11.033229221755736, 8.05861405672721, 3.3473227789509137, -4.234414236072342, 14.22012362521626, 3.0442011761612164, 7.024765446490048, -2.3704000128818965, -10.339155556358259, -18.40624934176031, 4.9048318427510305, -3.6735439120911604, 11.244949118689446, 10.68139981418771, 10.427455596425267, -0.23990510068623566, 14.011500209454743, 9.567425147933827, -0.4960703415872087, 10.259103145129599, -4.973202561033193, 7.715065501477717, -4.79704688297756, -8.608994363943482, 5.634886307578914, -11.401154523968835, -6.386283767150075, 5.5077637241944295, 4.597669169787347, -7.021985998857435, -2.1742618811401186, -5.959671349683808, -6.946596376604298, 7.435750139547367, 10.078405044388838, -3.1656527737866704, -2.342255877073894, -1.8260172626615403, -1.1261009136765014, -4.141109098422096, -2.655867174228816, -2.8576096897141925, 10.817055996827955, 3.658731790089746, 0.3124308675830427, -8.491963146891766, 9.43120151380333, -17.765857216400253, -11.600293885932729, 6.370210376458097, 3.606328049001444, -5.050468187860754, -22.18356073104315, -1.9078680913631576, 17.103265849954848, 9.181474546757745, 5.588077401590895, -2.3823051025050743, -9.568400658710498, 2.8362732658547256, -3.7592270765723463, -4.959716588641474, 2.5840490479178304, 8.991838074151964, -29.40838111163649, -1.8051085076260742, -9.442601392969802, -9.525371502388603, -1.4771484344031958, 9.814695544668975, -6.138560073091992, 12.375683174623873, 1.386624751099489, 4.223742665020123, -10.989337498777049, 1.7841810037265116, -7.933619669130385, -10.956012876092732, -13.00408621178923, -0.18509000862935993, 1.126725525798642, -2.156102895620685, 0.24843194553964312, 9.273618198007684, -1.188646817094654, -12.895093429493524, 10.638388463537728, 0.5775183685348423, -2.9107445899670927, 5.37048520259281, 3.804723235012495, -2.747044346874627, -8.005930597910792, -13.796825490329741, 10.738545012904003, 5.2779014445256385, 3.1897061793864188, -14.909315418462732, -3.6772487025144427, 10.39537629118047, -8.425010909414722, -6.1775074123685005, -2.659581669756916, -2.4369529072980107, -14.705450927434732, -5.363002604514287, -2.5261925132039678, 16.678468061899167, -8.025909288681621, 4.698292188130083, 2.441642025841783, 8.834253782392743, 10.637443333057227, -11.414638188878799, 13.174239080239438, -13.392092161868318, 8.561789919286072, 4.312723219566376, 4.159843936235255, 11.706326106802852, -8.061265726905585, -3.1324785375888395, -1.3771291184100158, -13.667923182812094, 26.593903654486095, -11.946362413992231, -3.5823392708043262, -2.6972626075726596, -0.6118112659181975, -13.081831246989209, 10.850488869335551, -17.99890163950336, -2.650064149321615, 2.800000769270601, 1.1892926114928872, 5.0439756576319015, 3.494181253439184, 5.889054850480409, 7.533225190945662, -8.76038740922732, -2.2278635644316163, -1.6258444516034891, 3.026254488877858, 1.4886191442580285, 4.986124243030552, 7.945166060406961, 9.800609126125819, 4.959090785311087, 2.0081203861217727, 7.912384477280293, 13.241163799337363, 4.384402336291265, 7.834671492667822, -7.770930484801528, 0.35244178009004357, 1.368180459721288, 1.4102277371699894, -0.8395610040773567, 16.05187112105191, 25.15415726917533, 14.61572111686042, 4.053246903508975, -6.299701193811212, -11.427873512656879, 3.1467044423576005, 8.658769770833912, -4.446534775868258, 7.063875533247741, -4.12359961544422, -4.130626180295528, -3.555055942040627, -22.73824575307169, 10.482360442801868, -12.37211190797277, 9.51625156210664, 9.672155100836124, 5.035963592526196, 11.945816054603668, -5.830712417042562, -6.829742782021674, 3.4172521342421205, 0.0579693045751403, -10.157340859224346, -0.05072356570349931, 15.383092022288887, -11.08221280263342, -6.421236954314089, -20.287883474334567, -17.36205703913252, -4.444920648222803, 3.970023199968466, -6.5895932350324715, 6.402004278882597, -1.7835447983784225, -11.69255536495036, -2.2936993079527537, -16.662559551030537, 3.778182778769455, -3.298351548609815, 0.9552868138729345, 12.815619056300397, 10.543257699391527, -4.623629765311174, -0.3637477678629285, -2.8824662449833327, -2.375460527914175, 1.2334147711859997, 7.926493948066285, 11.751767717880803, -10.447294515615697, -21.926665072409055, -7.097491117668869, 4.050680776608074, -2.3720261006976546, -6.771483135430619, 7.15946637300078, -20.740983107252838, -1.7686540278995668, -9.424754088984502, -2.26960731768422, 5.29078011385475, -1.591284197707274, -11.637284377345377, 11.423616111040808, -9.022221802321443, -3.9542601093444336, 1.23497635226072, 5.81587501383323, 2.578394256369622, 10.85029193051357, -11.699634138401779, 1.0600113182029791, 0.9198767378403738, -1.2147315340510445, 10.765465829758572, 11.843278457376506, -10.544800084562983, 9.85784020709788, -4.298016066422586, -7.454244203511268, 7.847091396877833, -3.9530513935415654, 12.360319277891149, -5.318017205043729, -22.9596540354377, 0.7925085773496771, 2.1150562310642274, -17.368110653671113, -9.454010323152541, 2.2105655419184425, -22.18591948048022, 9.859056192010671, -2.6211837870020127, -1.5150552983253125, -5.4404805313143365, -6.1591233660628255, -10.160855971413714, 1.3995286973000098, -4.6349535810775855, -4.029472103373559, 5.1385987855051605, -9.470072455919567, 0.804385129736465, -15.00809387152983, 3.792892741225856, 32.032312636985424, -1.573541450202467, -12.086881662779705, -5.0442482540648985, -12.727618081750443, 3.358698070631607, 5.033231985576492, 3.064943187250155, 6.308925631402254, 20.03990280049551, 14.354025275851905, 0.07498932692047815, -1.838032770499581, 2.2352721814985275, 14.285000147590813, 15.781566646459767, -7.033915271638317, -10.242407471062217, 4.430810295412044, -11.900813878959664, 7.616944135356629, 4.49721201929902, 2.065365198547944, 15.58382004550156, -0.608536515089179, 8.799506051416444, -3.0347238251154462, 18.042784503995552, -6.9812719308279725, -4.238382092470457, -8.698471935672936, 15.08491443631006, 13.067282593146432, -15.294823902951716, -2.584600633189264, 0.5860617214692746, 11.201718314886719, -1.4526019589449715, -1.47740843119903, -5.870857163496264, -8.33331422664708, -3.366819435392475, -10.436506475997772, -0.3375772957021175, 15.106121728856346, 22.423271663076058, 6.808006268790782, 1.0533181657208637, -8.644996415670136, -6.559849373655301, -1.385417075051261, -0.7479649633038442, 17.521521809421742, -1.6985115047742187, -6.572303037097967, 6.273888007920254, -8.52141489132337, 21.39701775560488, -2.905864768689688, 7.263172401253278, -21.13192525149845, -6.835786361852368, 17.216502352825344, -6.052050536651251, 24.07407266615494, 7.915777055502378, 1.934290515681813, -6.927151544761136, -3.7786856721487263, -2.435652047114465, 12.946100942641902, 6.559065182375677, -12.698425541464273, 8.831561522813962, 18.323522857820965, 2.946900863564078, 3.3502368294248988, 11.957587011485796, -1.2325276795073, 31.531370193046488, 17.918360435446324, -6.058636528625995, -3.4137281400677404, 14.220683903879964, -13.51525688325131, -11.298334422661577, 7.7677034013220965, 9.093811721398337, -9.038458227989233, -8.842970505923127, -16.50684399876196, -18.686854747812124, 6.631506432711642, 0.5199831355226631, -4.631088744914507, 0.5057272768463844, 