{"fitness": 64.23, "name": "Nathan 205577BAT", "genes": [-10.195318808051567, 11.071296953503047, -1.2806418916626998, -9.649977890746474, 11.742634270329654, 6.5241192164569215, -0.6606687275691598, -10.928310540151136, 19.993290247710128, -19.36942640411355, -17.36672562160896, -10.809695551969796, -4.8821219967137495, -10.177815410778091, 6.004351411285823, 14.285839280640001, 12.329338841461913, 2.572718843417334, -5.720407607692944, -7.53613611544338, 14.026795839821403, 3.7768250356399657, 3.5380931319124853, 6.4338871365588375, -12.039131677956274, 0.7872044457734796, 18.229091284019173, 0.23005274771985815, 7.643447058444195, -4.492496794246227, 6.904347643744455, 12.817929065025416, 5.192233887202295, 10.754673594304904, 1.878799254627144, -9.902443269704357, -11.093864881663436, 7.717822712578042, 3.5514737245727095, -4.071684738714356, 14.235238075568024, 3.045646392377723, 7.001300543395379, -2.3247348810831894, -10.159330213346378, -18.26836842221138, 4.878480262099812, -3.7811568564277636, 11.273599312633976, 10.754002528707874, 10.396524005035793, -0.15045684889931862, 13.971030271368763, 9.461969801711293, -0.4456972157647362, 10.210188643584893, -4.927603168126881, 7.747953644396379, -4.677409155757635, -8.536584159226939, 5.71939401418888, -11.388482266691575, -6.4680255104910644, 5.441163282793855, 4.4953184371734825, -7.084540719672396, -2.3493996823039884, -5.69661717575295, -6.896082146600349, 7.289706842137647, 10.134806532863673, -3.2167623778483496, -2.3137104543736626, -2.029262790546324, -1.1349008838334536, -4.325967831800116, -2.4708488581557813, -2.7830079130382495, 11.007713416684263, 3.7948457745089965, 0.3454395708754619, -8.384625127641113, 9.489131791481919, -17.83566619279363, -11.53687029089917, 6.369393542553137, 3.55090136854313, -5.089910274036866, -22.14352818678471, -1.867572114900121, 17.153294004338935, 9.167826743456235, 5.635916707221905, -2.257708778970849, -9.495121907992482, 2.9881949880740737, -3.6928126792546316, -4.844916959902921, 2.749859599447291, 8.784353983166612, -29.380765335402987, -1.8168319073002372, -9.333536189207983, -9.554946847844388, -1.5309769780229796, 9.650089279605714, -6.209856587303439, 12.288324356945415, 1.4998300266053273, 4.230157162179159, -11.019764665306383, 1.7458582888724128, -8.136095492456668, -11.085744457094211, -13.086009939392126, -0.05736883002817722, 1.1809339095836802, -2.179345842011756, 0.1840898177364524, 9.104308440521486, -1.4236267178998059, -13.121687882742176, 10.633387570922512, 0.6441163272460282, -2.953509846896783, 5.585979612914705, 3.9984845259561976, -2.9732705363996486, -7.955627874878489, -13.809727829324855, 10.693337951116897, 5.285937764391686, 3.2545076232299643, -15.387507232261655, -3.8288283265798198, 10.367834138452361, -8.5205565013881, -6.0334177208082655, -2.783459406597513, -2.523813303520954, -14.531956752869268, -5.465676498267115, -2.6740732604111934, 16.598017258690444, -8.176979602900065, 4.610539005534765, 2.284810472522608, 9.050378315125819, 10.472087561368417, -11.535691065049264, 13.061518505717542, -13.380827725014276, 8.22665842865225, 4.271112083943279, 3.9063307471172144, 11.632147566127228, -8.084913226719639, -2.990426282925067, -1.3204425072196526, -13.682219044042501, 26.56481906617932, -12.04825523721792, -3.535373202107957, -2.7410006854914513, -0.5735832426529085, -13.067356765667235, 10.651459147405031, -17.84604025256196, -2.4979445464089602, 2.5394444577436666, 1.3309245230189837, 5.013486694141549, 3.557368454397533, 5.991689041115494, 7.281394483190913, -8.679964456013582, -2.263270348437187, -1.843620065799603, 2.921645526847077, 1.552991558235198, 4.763778880886053, 7.884829008095291, 9.55075736461189, 4.822640605526808, 1.9381741112648398, 7.8193210046222426, 13.149931705451724, 4.419188890812588, 7.879969745939305, -7.756130102549853, 0.2566096793399494, 1.113103720948482, 1.3555204950839737, -1.0514218720941508, 16.096201220301108, 25.087150381677777, 14.542300184452197, 4.048708543111498, -6.360067583193282, -11.340080337649935, 3.0268849582942177, 8.471494849176178, -4.404333234176151, 7.173708139893476, -3.984070138225771, -3.98253525315229, -3.674786510293463, -22.979465857827446, 10.877254735341246, -12.238420632423576, 9.485259261057347, 9.576311555811682, 5.138181677375703, 11.836450246799217, -5.929714049794347, -6.833369489537402, 3.593649538188987, 0.2601942889889117, -10.013609777934992, 0.028182859744912844, 15.418747548203857, -11.25152483784657, -6.431608774436424, -20.374973798790847, -17.34855268778088, -4.369986530670829, 3.9944546880070737, -6.389250182700329, 6.481390891611866, -1.8403456304566361, -11.634197413012572, -2.199675032506427, -16.698301849945643, 3.7546093425129707, -3.2611122738537994, 0.7452776566827437, 13.133288954868494, 10.708808238998698, -4.574733619569602, -0.2713284399787469, -2.9676826634557054, -2.4175499883463254, 1.2113329062987195, 7.7643951246351435, 11.738913842203086, -10.503584515464755, -22.007682507461926, -7.112644875773974, 4.035348695393528, -2.432763537008739, -6.95215113225612, 7.130483378321372, -20.697312872840705, -1.7892772193836075, -9.359353293809631, -2.4072242375400084, 5.319956594477932, -1.459602045146941, -11.810108946135063, 11.50753247444547, -9.136841601047278, -4.091164475059629, 1.1950303552485246, 5.890986554976695, 2.723511424004698, 11.131010839030408, -11.70144175077951, 0.9340667496197891, 0.7587979241043346, -1.3098389468706224, 10.810088956933253, 11.974891864957119, -10.870058100873424, 10.00205858536509, -4.370514933220548, -7.533641950799472, 7.844101941888004, -3.878238908383936, 12.365078834762345, -5.609249060103612, -23.048552164213213, 0.8462555037228892, 2.41708155115179, -17.660433133993447, -9.423764235142494, 2.1090023645979623, -22.28905925798161, 9.650263388898454, -2.7653589697961185, -1.5073080058773698, -5.551947888031458, -6.006237947664647, -10.118950541804919, 1.410338355001545, -4.612762805924666, -3.978089985056022, 4.984745910909078, -9.259955500557865, 0.7596706297256793, -14.968459375191047, 3.932446471386418, 32.121024979940245, -1.6894849665994267, -12.164835624353904, -5.11346852324397, -12.693932609150997, 3.1986887631894487, 5.052333439418317, 3.025632003352244, 6.249679866394961, 20.143904754047277, 14.268882207701187, 0.133635946617092, -1.9618902103452807, 2.0764818791627118, 14.299840117778857, 15.776184663027083, -7.122297124527667, -10.151020430303298, 4.60759537419271, -11.801218648949119, 7.596086241870227, 4.487401553927946, 2.1315241218845546, 15.608770363207872, -0.7966031032854928, 8.735302046202737, -3.1587711622463375, 18.13371631642612, -6.965312453229312, -4.328112878346985, -8.599011333642327, 15.147847404433499, 12.961208583483037, -15.016920685718944, -2.4865825742780583, 0.7895724286429096, 11.160755918090342, -1.3341977264891092, -1.486519905684287, -5.880834841067779, -8.412560601799022, -3.5216938625002645, -10.513514588169995, -0.1980311861399738, 14.898987415613021, 22.21491666433835, 6.94674974682897, 1.374224970669865, -8.979055372658213, -6.548056793963562, -1.382433257077663, -0.7785210296429853, 17.925720454727898, -1.7262410955944572, -6.7427104309360955, 6.3203624049145635, -8.466392834746896, 21.421773697877626, -2.853415752576611, 7.419986848539321, -21.13217713237456, -6.780999784063967, 17.194108389549623, -6.074422033474607, 24.203253436902152, 7.9285524366368225, 1.9041860602394687, -6.792749873442551, -3.895167336954369, -2.429626341216797, 13.000137076046526, 6.5943514096841005, -12.860176762344619, 8.745664961181951, 18.18365476156126, 3.001660700319036, 3.4048061874605624, 12.049529766744707, -1.218374498409533, 31.60332908262942, 17.84529521240733, -5.758894256299195, -3.3422026055960283, 14.182243911953183, -13.633475656259023, -11.466046564847538, 7.9051215983902745, 9.102335624891168, -8.961352374888559, -8.80526556137309, -16.49065634089964, -18.95188135064012, 6.733991528998939, 0.7621380481808715, -4.6760851139969075, 0.60648876186687, 