{"fitness": 65.37, "name": "Nathan 232253BAT", "genes": [-10.735685696980694, 14.324047903611989, -1.3697203128158348, -11.354275665179923, 15.132894409701224, 8.417493167162105, -1.2938815295110424, -12.24833282838077, 20.404610995069998, -19.689393392576562, -19.171791922556192, -11.04330845058302, -4.425402950886396, -11.921796909328245, 4.8225188634500595, 14.365929174137753, 9.812498557456246, 3.569491638709318, -3.9350981752268215, -5.897431110213491, 13.017526701166071, 1.4959501852040424, 2.445585083052098, 7.591591763150025, -12.870617127024042, -0.2888773540755808, 20.369867998426727, -0.23098817987262496, 9.035468376448968, -3.893357025822016, 5.569603230220401, 12.263648640426567, 5.166856293981316, 11.430020510225157, -2.8366282001605203, -12.28132747716424, -9.745978779624112, 8.11991382716498, 4.739991751578917, -4.890917286740977, 16.616652464819804, 3.739276923132118, 8.46614163766127, -0.5306342607432192, -9.314314831231728, -16.940754877486125, 7.124608175328481, -3.798943443507631, 9.611838859777887, 8.71082459216937, 10.335578624355875, 0.45454855150619805, 15.730000388023605, 11.400338229587938, 1.5057934467642096, 13.106478782640451, -7.505802482522254, 8.329240767321926, -5.8214334834015435, -10.49449701260357, 6.485283528343342, -14.864913395663333, -5.483181244132987, 4.371795742526453, 4.313759671781704, -9.4334770077349, -1.681709489383716, -8.690102908902817, -3.6416789368549916, 7.4338453432063725, 8.995678252726625, -2.3232774381060453, -2.010210927135138, -0.9213440495446371, -2.082053571853889, -2.236429424257668, -1.047364120126351, -3.4309609281332585, 11.591904760611136, 4.455130737176207, 1.1249677251841685, -8.596650616877742, 8.501250109807335, -19.57793877239785, -11.108267624947693, 8.622421678189834, 4.861586060808718, -3.0539078858821953, -24.563540848933993, -0.26187814782761754, 15.235747938886563, 10.574153557732243, 4.2641780395246105, -3.8517064110973296, -8.666336744790337, 1.4670122910560153, -3.431428522525415, -6.366056638530955, 4.720292048420016, 5.8949849219976596, -30.180978522221164, 0.4073721814850918, -9.924502284763392, -9.615033158081145, -0.6588234895851366, 10.102497306312262, -4.968292251888375, 9.234730250804024, 1.0558142691099046, 3.2825337798637206, -11.989708302372092, 0.8090548408806506, -7.074686737406002, -10.208602471438068, -13.499707861965813, 1.1581762742541677, 0.3092517156300252, -3.7282096891614978, 0.46273676184134505, 8.434543713813536, -0.649509616489532, -14.904515394305175, 11.195866110953345, -1.2858320439449547, -2.772856759647986, 5.39751246976575, 3.08280819027519, -1.5350573860827967, -7.614004349020569, -14.711082283603641, 13.09772828177396, 4.058730832485101, 4.933706973088483, -14.773635937996577, -3.5574121496807627, 10.981678557760757, -8.96754702278586, -4.734577873097512, -1.7866429834302642, -3.0002687607570655, -15.608060321848056, -4.094809298176443, -2.0168566381853243, 16.48111568838095, -9.278763158265326, 5.973958170253962, -0.18827660814612995, 7.639609275298704, 9.450467984790832, -13.06738732455963, 12.328345714673112, -12.583628950213852, 8.217427945618523, 2.3022381055358565, 1.7602600977710925, 12.037792100440985, -5.748836344408695, -1.2089423221670983, -2.167072345572927, -15.830344749464341, 25.993198290104193, -14.713661657486847, -5.060307025207054, -1.1666378360862162, -1.3415409963698357, -13.305004867389945, 8.840870439073083, -18.386528828874663, -2.8781009700885005, 1.7714092640599706, 3.936594691250788, 6.0378036233412535, 3.1865821752874237, 6.078404390166407, 7.54270855806568, -10.560314355605001, -1.7545894759559129, -2.664789789232345, 3.43635956788996, 2.1874916753849214, 4.998205873524278, 9.87943277787975, 10.639631195584052, 6.615235082784006, 1.6717672912974226, 9.793699471758243, 11.42653333073626, 4.848301923411093, 9.179018294358206, -8.23704984579059, 0.3052526255649946, 2.3309024551956026, -1.333536482478179, 0.3785996831924296, 16.324371058029627, 24.23640546696305, 16.51775490400134, 1.7055214301795223, -6.502299126018088, -11.167049672680768, 3.5078479875136477, 10.072366776883678, -1.7425349944715178, 5.937773338039018, -1.0093300947376656, -3.3166165637854186, -4.839775664559423, -21.574266324810917, 14.026468418961143, -12.494729542529653, 8.003950958100045, 10.350814789401898, 7.124747033003568, 10.933294348797505, -7.886133941897758, -4.522677473424167, 1.6940068274792301, 0.044163195922666286, -7.971500249760177, 2.655569006290863, 12.73723530713086, -10.499179242317963, -6.858021046338171, -18.78345990448181, -18.236901588308708, -3.5558437953763686, 3.944753194340072, -10.313051037937012, 8.297654016964803, -5.629253838139709, -9.835316952940772, -3.7981003444265, -17.09108540639293, 3.934041800836959, -5.126903345531049, -0.8297250141254608, 11.042614028008318, 9.18961506568326, -2.4848688676938373, -1.7817554998093124, -2.638279926064645, -4.819762940074901, 0.9035052540638026, 8.37976419410778, 7.475859814923018, -10.311396216494204, -20.94622906850343, -8.705392728125057, 4.026323821356936, -2.743703762428838, -6.330253011507446, 7.1185292577414945, -20.890242833927385, -1.7160141196750351, -7.7545008926786965, -4.979052694437641, 5.810040761753407, -3.198216666778119, -11.733521261509626, 10.54932652023582, -10.90873773875658, -2.744155850608194, 0.3444291089488208, 4.152032949157589, 2.9107839604182746, 9.316066924144545, -11.871818718087024, 0.5530808257957354, 1.0543507749262042, 0.930042105859309, 10.714178438718594, 14.271575399871733, -12.085751808428443, 11.542521630684348, -4.074500764706775, -6.461117539570582, 9.115331268273732, -4.456282365536999, 12.198465598264448, -6.100697875970812, -23.182547158879025, -0.1210862091089503, 3.780686808894204, -16.985168079300205, -11.33094617722737, 3.7786169926904423, -19.7154582942031, 10.815133928209413, -3.292180470498763, 0.8947593616350402, -3.5096197551553776, -6.719876807103124, -5.721481817183053, 1.3917983993514729, -3.573506921215473, -2.6510360117003864, 5.56235209143593, -11.494391549515187, 0.12502808994339376, -16.055226914390904, 6.029119541438309, 30.69618564874213, -0.6894493601711158, -9.958582407130296, -3.6151955674865826, -13.222141160490258, 5.954470439580711, 4.001602855869059, 5.223501250786717, 8.01197993419582, 17.77451234615717, 13.235147035597235, 2.9590935083739867, -2.1099455639749864, 1.2779018420617148, 14.487230854272864, 17.220991623039904, -6.416138008212355, -12.47206055695889, 1.1761970717863472, -9.114204198400373, 7.574872493244562, 4.564767873421241, 3.7436142338188936, 13.395519076491414, -1.0721346708150037, 7.208449745962084, 0.23690097604190705, 19.55942614453098, -7.256024919784209, -3.590405438918451, -8.21162560388281, 15.300753269603415, 12.760963394612071, -17.108260348542824, -5.359445555602611, -1.0551536537442974, 10.18290773444865, -1.4182225891508877, -2.7419940862983174, -4.137510510767998, -9.090022415394454, -4.1841457522369465, -11.228715260508286, -0.03326532758389879, 13.704654217173786, 23.007092340372854, 6.09692469011855, -1.108089411648363, -8.007376066196958, -6.890086954287025, -1.2901359605576936, -0.4344980683684644, 17.15312375050624, -0.7455464629424844, -3.821695831485774, 10.835910981887196, -7.618203074537361, 19.518648282997567, -2.805348812829678, 7.536400361523315, -20.937711108801388, -7.873012642761602, 18.512617633449675, -7.963895621231061, 24.78951982750141, 9.649707054496224, 1.9557747311549487, -6.692492253271214, -4.001798650161174, -4.208875057942863, 12.357571392236327, 5.92051134612243, -12.452058354175874, 8.215025661944518, 19.029054038905265, 3.486323874643415, 4.454171513579902, 10.045352325283703, -1.3855869059107673, 31.777234048797677, 16.343956423250095, -7.365325465523944, -3.9660612866855156, 15.029656921899823, -12.468243316657425, -9.270583923303358, 9.02952046112741, 8.383472378950312, -6.8567682515133, -8.745374239798164, -16.003784090109033, -18.249738135300465, 5.940220772549495, 0.48904000982794543, -8.925797703556205, -1.8095617496526326, 