{"fitness": 64.04, "name": "Nathan 53226BAT", "genes": [-6.529044518120478, 6.733004311048878, 0.038847602812462564, -5.231553084454625, 12.102725276269329, 6.895894923912244, -3.391849409514411, -5.4243871870440135, 20.554106815098176, -18.203385080345704, -3.7788124243919934, -8.700032478821404, -10.843763382417976, -9.15363015062446, 6.212863502716024, 12.916464080830636, 11.863693056917777, -0.19665339616696684, -8.228287183250792, -9.023883992317847, 10.609530645229807, 7.456616973574711, -3.7808490740870724, 12.737544979396134, -9.694728529790554, 7.911199733733927, 15.16995860373363, 3.9932007707349855, 7.355411876825168, -1.566695086432504, 5.285991869019767, 12.615333240732284, 7.3582136994742156, 8.6371507402041, 6.785646241950737, -5.121777130061376, -13.116628344651465, 7.109420764992019, -1.9164443056646394, -7.120726028102516, 13.557425976774226, 0.3474849122232492, 5.759514772351057, -7.912571359624353, -5.339332446710181, -15.686700411217936, -0.016802593991436902, -5.3358499290555885, 6.057869781469093, 11.8537421837943, 5.2223700410649965, -0.26242830448519483, 4.761579859265287, 6.7047475495186255, 2.447856410238958, 14.582717664996965, -2.7511299924728423, 7.217231187796991, -6.514636994832565, -3.9606904737968374, 4.215498370321028, -9.70894269685695, -1.0433278581261856, 8.44684865789678, 2.7298030236813595, -5.827926169874662, -1.8963946886304042, -6.0338210746799765, -6.956226663347339, 7.713993587907719, 11.878268000955753, 1.603510873999631, -5.544102662757719, -2.3555804185179796, 1.167706587238983, -5.348189617978453, -3.8992844260016444, -0.6085511470498404, 12.064054894301998, 5.76495968532931, -2.9282193022067764, -7.905374707073614, 6.516990515803875, -13.739548369717893, -18.09101711913481, 2.6891509682873407, -0.8228273995350727, -3.4226594059059288, -21.865751748675574, 0.5002384181634539, 11.729076406300884, 9.889162049260744, 6.530068546437283, -2.2555509334873274, -3.670143599426784, -2.0971214787478187, -7.327600296197501, 0.25774426169170095, 1.3491179327183795, 8.058442452532033, -22.05433214258435, -1.6147701063326552, -9.053313930342096, -9.62611424498752, -1.9231677838188024, 4.24930824569805, -6.251613408940093, 5.980120817622247, 1.6993013295615464, 1.821422547215306, -8.166646267288803, -0.49613610834317895, -3.629969765510298, -6.234974717825076, -14.288856592647171, -5.399043811008865, 1.901820497482377, -4.084645476665297, -2.416380813664981, 5.241625286138293, -7.377777285316033, -8.792988729784208, 11.822170630479397, -1.8060164239034984, -3.2066609987706536, 2.377475079061023, 1.7752611264097888, -6.234811173386241, -8.899828508824806, -11.810560738791457, 7.602071856655209, -0.8422937965794619, 13.198575431788187, -15.857057386438418, -7.4684424884299885, 8.391364702012636, -5.203351857815622, -5.02864037134682, -7.532912171570867, -2.9634539849581, -5.7740513400043, -6.963191030603969, 4.1801918241544636, 13.09802860665946, -5.14566864517707, 9.767232147220415, -4.3853845888795036, 1.6033776667106976, 12.77595220247388, -11.736462057643722, 4.03705048949746, -17.27502648035432, 5.005450206135686, -0.5742359407574995, -0.38486651984396314, 12.534789546065026, -7.950011321620651, -6.194644365640857, 2.3248643397010276, -4.144549699526842, 25.432053535037877, -5.320521118562435, -1.5029244619321998, 0.5910681635401892, -0.5767534728861505, -7.597673514460001, 11.581534177976323, -20.774069597839336, -1.4384209926355174, 7.661520300171279, 3.3107342100074466, 5.3800846706913905, 8.562414016177918, 8.056051005451264, 13.194017305525042, -5.727967719803, -3.2664419510227023, 2.6982283694362326, 4.436824566630213, 0.8332218836021055, -1.3309957776021246, 5.342750590199255, 12.191737511895456, 6.6718683390714535, 1.1219830719820265, 4.865486285334897, 16.40270173326658, 3.7354309922975766, 10.564998740820297, -8.083718086498658, 2.310350284803017, 7.717369468634525, -0.4675756370141716, 4.480821814190008, 16.681379808198542, 20.834639924630633, 18.09542734028652, 1.9172755766935035, -9.18342732715585, -7.428856454278673, 0.5994805826686513, 5.451869684079797, -5.576198162409162, 6.595852113446295, 1.1668357445119355, -5.346404901843709, -7.114259013396742, -16.550460972384293, 7.0165740705441175, -14.422127289234838, 8.91463537668258, 7.686830786456246, 1.9736989128880484, 10.120911093105743, -2.4038640865691123, -7.199748963883348, 3.7127570662907465, 0.8191000690788811, -6.369606390093642, 0.42794824924758007, 12.798709630310581, -8.761884969986813, -9.246324145074254, -14.780199795957808, -17.18013702781077, -1.193052756340582, 2.026767659044013, -8.311746694482805, 5.4397486268004505, -10.89325992187116, -8.354254753620928, -1.981942928913658, -14.274119138583979, 2.9969343810744298, -12.217651373968213, -0.37454278772387717, 9.435538381659956, 11.880362716058936, -2.9005388086021493, -2.533930394631994, 1.9213737760929295, -3.892468283117756, 0.9963770569370292, 6.93540452514796, 13.732970982559163, -5.682027037688762, -22.763110383903406, -12.878026441535669, 5.156816321131027, -7.963715147959266, -7.7003055467209345, 1.8358618350644231, -18.158809036040886, -8.477985663294897, -7.842629469542997, -3.6981873771776406, -1.4005393731621611, -1.6077028359278338, -4.456668928261795, 18.71641133055883, 0.749668601700728, -1.8975162386014157, 0.22469518223165857, 5.31688978400497, 6.572304444010632, 8.55588550599209, -6.540899185574284, 4.381445146347766, 1.1294882260418013, -8.368867813968846, 3.543288850944666, 11.075912911428293, -13.120588726098731, 4.018842776086827, 3.635984708364838, -4.749526603372102, 6.29665887425735, -6.585433227826847, 12.653092467922166, -6.975515944952339, -21.806703906609208, 0.3448894279510175, 1.8784587630034137, -19.24212071886136, -12.559021496378664, 5.410062559868636, -21.36812797776165, 15.71395728139486, -4.882256563978415, 2.065015158680649, -0.25232601219796436, -7.853161621126243, -11.184937273188371, 0.06111889915279849, -4.358751311811248, -5.016821156869328, 4.010590664786322, -6.824202661195263, -1.7811827139909282, -10.64661087933193, 7.761884766229603, 25.247801717370056, 2.5556725040005768, -12.229309320557721, -2.5712997641749165, -8.277382044934015, 9.282307186480978, 3.950339029593234, 2.416580493877359, 4.9935043726352335, 22.54868418218249, 12.749313293237345, 3.551244049646779, -1.1509562964292532, 2.543978515885571, 12.696767446248558, 9.794119762382165, -5.52992019898121, -15.41094347941518, 1.1668182387958301, -6.439531298827043, 13.8526395717768, 3.789388600900845, 1.2830187687672872, 16.203168369773802, -5.09945784920705, 7.947848529625484, -8.966105584641861, 19.512432532524322, -4.95276995147791, -1.4500308898282748, -6.616182168051717, 9.333084661882742, 11.18876793944329, -4.834440651686832, -6.072065161697693, 4.70630729020229, 10.598001663202798, -6.675273787756053, -6.482788363194537, -8.107196104251987, -9.319679096275422, -10.793429444239154, -8.523549997446223, -0.34370248464849185, 18.79281228951547, 24.764562541859256, 8.166348674567207, 1.8592656920350528, -6.238752413022824, -2.364658222305499, -8.927316888133308, -2.6959568217227603, 22.00302776907857, -2.3870103447214497, -0.7336292143670082, 6.825825862073828, -3.893248533971864, 11.322429083064883, -3.958982250169772, 10.486476969405789, -22.41948298517527, -8.061375016027034, 11.013015208372405, -4.246010123588172, 24.15328791417528, 5.534703462531881, -1.3402955435523944, -0.457210671988834, 5.896003116669343, 1.2270474412692072, 7.839293436592906, 6.160487341661791, -11.350330901203696, 12.93344467189374, 17.800732619198516, 4.531200959013572, 0.7578021212201004, 11.929761613154778, -2.4767150643032614, 31.62304841907823, 15.875778578908555, -6.535454783059404, -2.407300493367298, 15.152157604293626, -6.898622289447112, -11.6098912083439, 10.405637530308061, 8.923261480348126, -9.20803065415887, -5.369386316168407, -14.790821987320042, -26.750020794322865, 7.256565300929371, 2.952844956075701, -2.360283967557383, 2.7161135274686417, -12.206760396280371, 