{"fitness": 64.02, "name": "Nathan 39808BAT", "genes": [-7.076902456016374, 5.451986023366584, -1.0271013207825679, -5.69812407197907, 9.795583810023825, 6.949093564189365, -2.6347827426805734, -6.30747158581951, 20.0152576568745, -18.30228292003917, -2.5434164620299415, -6.636681891301746, -10.66960624478639, -9.286921496393346, 7.008879425770331, 11.430937414821239, 13.573684287744678, -2.6181205173565028, -7.732138514426363, -7.910428907514961, 9.759570237993042, 7.258473588269818, -4.012775036654372, 13.654194848127053, -8.135389116287158, 8.287591897746344, 14.16259288128377, 3.119951137022249, 6.908068935188079, -2.7561217352608347, 6.190693555942278, 12.626517795737927, 7.890139389262118, 9.51599190722112, 6.611065974242715, -6.5763751626627425, -12.206150610978561, 6.715781093578804, -1.5979779530736227, -8.659179555083453, 13.657044016068339, 1.0703407554076407, 2.650697589454072, -9.804879539022503, -5.454084700085239, -14.572034340378512, 1.4193265646241686, -6.268707558961823, 5.522859180806181, 10.746528798374111, 5.408669601615121, -0.40382274196255297, 4.941267435524034, 7.872056271638518, 2.601832179979964, 14.535537554030494, -4.031382974666688, 7.320273302933602, -7.190973251577003, -3.8105819807781667, 5.459059009797833, -9.319901166367682, -0.3581161462725621, 6.772326973441455, 2.669773746453002, -5.525527945362746, -1.9805582088556628, -6.99227507198446, -7.494655628346612, 7.203214988531945, 13.313157803317345, -1.5449032347323324, -5.601921980083093, -1.2983715562662028, -0.08462475849728215, -7.574739505496372, -6.1876961837720295, -1.458900631793763, 12.147744045562126, 5.300234745009268, -1.749107605129625, -9.572842433305901, 5.119714514507001, -14.345081120489791, -16.905367529273693, 2.8771845682497577, -1.895529345603328, -3.7558320062898005, -21.19710912094428, 1.149294173293917, 11.59733824662077, 10.141170167722814, 6.321607467331352, -1.7042975886530027, -4.799980675225994, -3.5482930495308365, -5.576924705258676, 2.42654323388346, -0.21162397354986123, 8.687109461246248, -21.958103243577202, 0.6127032103571055, -10.572193288379962, -9.012606838533845, -3.2261565578801483, 4.408698330639312, -4.776982917368997, 5.082927622222361, -0.15758655742926575, 0.4404637686378053, -7.670515607966088, -0.982863464164747, -1.6915475391038348, -6.872314082218326, -15.500821979359358, -5.159115299357093, 1.9774689932755298, -4.44372189659056, -0.3636767653450001, 5.315072972300513, -7.235618270617147, -10.029198610698216, 13.063621629550296, -5.634228115482845, -3.1597956183377036, 3.1940884683223314, 0.24419438199321625, -6.40067965427649, -8.102176301005278, -13.852145752918787, 5.5752884352958425, -1.3367997781432803, 11.388443026316326, -15.70156798017802, -7.647714674606898, 8.786490649286783, -5.35217627824694, -5.638045506441153, -9.005736559992009, -1.4734445693510232, -7.381053079543502, -7.52826200099999, 6.371474547588047, 11.829069634261915, -4.138787099718724, 8.91029690188683, -4.936036820674384, 3.326975313243145, 14.878494393108921, -10.38143674362636, 4.4910157350522955, -16.643739544064456, 5.1768835432894305, -2.6816613619414245, -1.204361797704516, 10.987216679421683, -8.881151966725179, -7.199577065919196, 3.319103569321736, -4.989011825376233, 25.22425829204774, -5.738025372111474, -1.2503834040679283, 0.7629894099146632, -0.7546303140479154, -5.998659020057445, 9.853383094516815, -21.087264069581405, -1.2058393040354354, 7.153951908409118, 1.0168530459482126, 5.4697778123543035, 8.139254584005416, 8.509450828117295, 13.092924056716779, -5.554096099670397, -2.2986863373771063, 3.2061753637829424, 4.67598066844466, 0.847847349793845, -1.670496873412605, 6.430138547392078, 11.960975187475826, 6.614283395870964, 0.8711235976956002, 4.5569125260594685, 15.18167949515311, 3.072583618735057, 10.752114200078196, -5.816335466110126, 3.698355392774355, 7.969172654251464, -1.1004267901808316, 3.6426969548529535, 17.9880332423334, 21.54049735327266, 18.49698422415265, -0.1510285217895709, -7.797515671407704, -5.952020250826073, 2.108551269931127, 6.591759418456048, -3.913440294579513, 6.507261921189423, 2.204157365022414, -2.8233283639149853, -5.952645395952352, -18.52660168500763, 7.745064077405848, -15.481953140483963, 9.21914659174683, 7.8336714629028075, 1.561615788688, 9.091978282722959, -2.5701530489403313, -5.320380683274644, 1.5061396739014203, 3.142730438786185, -6.090666303682969, 1.0547478095405582, 13.15072383250454, -8.680990467375576, -7.999189453398956, -16.027435452756464, -17.5375979994208, -1.1926869652119905, 2.55349378554803, -7.386720065388885, 4.10710359728369, -10.735076008932698, -7.391310075945181, -1.9099669484969135, -13.878599694645127, 3.470411420583171, -12.084206138527476, -0.8657440783844615, 10.61124716037454, 12.59849722612155, -6.695019068058087, -2.9274808282645495, 1.4165768313231093, -3.242609113557283, 1.9131352766715886, 5.175659773614064, 14.330184110251274, -5.775122837877261, -22.921547048384294, -13.602318246104549, 6.796884576637516, -5.957795851957525, -6.970574111248119, 1.0954386528011348, -17.682817002483006, -6.889030261020837, -7.829260266939887, -3.6338853991979216, -1.352953896385512, -2.3663660942170552, -4.849265791585363, 19.336142173692185, -0.12234316305101954, -3.334440525912647, 3.255390522973987, 5.043051182529704, 3.7314135182270123, 8.258040362655361, -7.872826032464074, 4.690244823883392, 1.3087935529795711, -8.009706826108456, 2.4079521122687155, 12.022201467813968, -14.246821014195744, 2.1297703284871066, 4.361990016551394, -5.362421849098163, 6.18917472859739, -6.666194156162052, 12.27971451789637, -6.973444339522489, -20.519291873104443, -0.09331386204093874, 1.5755576233003166, -17.367943971236542, -11.5427344531342, 3.912076704612773, -22.208994233074545, 16.683553391958444, -5.104424483405339, 3.2074005506545697, -1.1025755936511954, -7.718147754223946, -9.495181130324013, -0.6923730053626465, -4.552422231056452, -4.768060789155926, 1.85872840524926, -7.160242359476043, -1.8961590916393887, -10.513211797113106, 7.672576873379801, 25.130878364850794, 2.5008481442176835, -13.256619960798032, -3.5129940573126, -8.322172640278179, 9.731239103088766, 5.0728298898963216, 2.998319759531613, 4.339470470401345, 20.292497102450767, 11.693683096020658, 3.1651699492901813, -2.901077212612284, 1.8001615692660224, 12.459993598010326, 7.650506206043198, -5.623560395657271, -17.28973705081485, 0.7079678223691658, -7.333693263575206, 13.879674434268647, 5.5927154662938205, 2.6227079199570116, 16.584574136610115, -4.141625489560168, 8.21880347243726, -9.14652841783691, 19.258807558774997, -5.510057152628971, -1.2522162964524097, -7.11925510440817, 7.734432324471194, 12.791991890392383, -5.680512255786338, -5.941450304458586, 3.4740096515935828, 11.21390675403092, -7.966738736648483, -6.395270709258339, -7.120411969818571, -8.40170653057839, -11.242921486639986, -6.584564860363027, 1.108047146671994, 19.396414455812387, 24.52321205582912, 8.839551398616642, 1.2332531537267186, -6.740120169811237, -2.976720001834436, -7.50436239572964, -3.005131512434279, 23.153674414682296, -4.402537451687369, 1.6424627658095245, 6.382177958404707, -4.565904064516016, 11.43957263645325, -1.7906907745355574, 11.065123277894997, -22.298355391070235, -9.430721793668662, 11.70409527927618, -4.1094234633692786, 24.603291708197023, 5.9703770326164864, -1.1912379214717614, -0.2763543789769194, 4.2100777015023265, 1.7977578506111684, 6.328123085261791, 6.483467770534209, -9.707135781692234, 13.614388584208942, 16.951971599922537, 3.1908158475736332, 1.667998231504916, 10.184970164435029, -2.2476969711150376, 29.799435874088303, 13.735509227169684, -6.024054410167796, -2.4050689699803423, 16.006283922701375, -4.723871093290092, -11.020353316523188, 7.531872551051006, 10.117829274573937, -10.886448681927195, -5.713639393856956, -14.787294547657037, -23.85268235696736, 7.369400603797175, 3.4252503332971433, -1.7883682730659094, 1.8258632442101237, -11.534424453896065, -8.123714166742417, 