{"fitness": 65.48, "name": "Nathan 263182BAT", "genes": [-12.786702845772213, 18.267832684938682, -1.5615367137692349, -8.92462174761352, 13.800684078602236, 9.893344741205794, -2.2521446377955034, -11.64700532556327, 22.179246686822076, -18.818735577966667, -18.89801948736426, -9.283534410362014, -4.36783942773963, -10.633720004142411, 4.787266711407613, 18.656544534244457, 10.23717186168666, 3.2254280832356383, -2.0462206272958503, -6.10955356609358, 16.053742897245286, 1.022726949617453, 1.7021972197544695, 7.76520661914365, -13.323074506419275, -0.3075012630677594, 19.722583501159964, 2.0789707952425474, 11.901423072812477, -2.735751865874151, 3.392895623362709, 10.005458187658556, 3.0153793423551902, 10.386244661657406, -2.3484008251059043, -9.807077925225164, -11.099812384852921, 8.615741329292408, 3.904919698546403, -5.4816345202212124, 16.758473619666425, 4.42718326177334, 7.769413730682426, -2.0515693788893308, -6.132455865600121, -18.001632970036738, 7.147962808446015, -3.980732177441, 7.750382112991701, 10.268167290163355, 11.072522783253497, 2.784417409513683, 14.745942385587341, 10.094919344224193, 3.770581916742039, 14.775651742396384, -5.393070085249864, 4.79704985188011, -6.053458118184223, -8.006731007809869, 5.765306017892643, -17.08392145841842, -6.315096610303617, 5.495013174600487, 4.158183177670848, -10.62655766150791, -3.8176583663729677, -11.062114456312615, -4.506455817014599, 5.8637462798161115, 10.345095396998342, -3.6209100688737723, -3.024138678886949, -0.11577345014392065, -2.6442460217081676, -2.173333945031754, -0.5764080993380064, -3.4819442755762204, 12.848822734371227, 5.76822186880486, 0.48731731253087757, -9.08736678875097, 5.056238154870322, -19.12222027097256, -10.036524464592869, 8.083126276435781, 4.8125555820516315, -1.9572034425387448, -21.929829170040637, 0.4629451304279332, 14.315052351694149, 12.180171989852164, 4.253353072174097, -0.6447549210949161, -9.201142784781904, 0.30207743106612295, -6.156037477568269, -6.699758393772037, 4.883679012944352, 8.482432651924103, -29.96116257406265, 0.49481471991978226, -10.478223988617621, -8.344666564705628, -1.3312932602968923, 9.015877604465075, -6.3201358266744, 8.411273168240589, 3.9954952585013155, 1.8972450574552782, -10.288043407189365, 0.09678621676977323, -9.014541803839991, -10.031649135267205, -14.78748556405723, 1.1493349587143473, -3.6069963611376084, -5.024945221089721, -2.1900855479905377, 5.117220130132446, -0.18749012635006745, -13.822638359432991, 13.412087583752552, -1.3615976218908892, -1.2617074084891085, 7.360563393474716, 3.604735132740521, -2.885265463691265, -7.5110469240377675, -11.370798388174327, 13.575499917120183, 3.9663966207613632, 6.401321990768043, -18.02146994191502, -3.230618435361412, 10.41969144633551, -10.679818249395062, -1.9177931889194706, 0.35573840933163037, -8.176102060428827, -13.648534849059136, -4.380512467017202, 0.8726977142293395, 14.309577970757362, -10.989106745658903, 3.9633741620984395, -1.673607989332272, 10.105383131268274, 10.641034626833527, -13.775213107684591, 11.088131892995381, -12.467971651984836, 8.683972989049217, 4.268536491963959, 1.5599731931299792, 11.674171174069519, -1.7856406616675298, -3.690168715401898, -2.606674376915665, -17.583968641124454, 21.272858277760765, -15.706406963770679, -8.539422894886485, -2.2332332310272887, -3.2593378927716805, -12.612854198946975, 10.425959854634852, -17.46523508955638, -0.6841187107593099, 1.0600208421059978, 6.2238412595591175, 4.806707395181838, 1.2196421678258704, 6.567431047418295, 6.371108758416206, -12.479655054934655, -1.8827330684463262, -4.165613559231798, 2.0005223156763714, 2.3964303850927813, 3.330469113648693, 9.834282342896167, 10.494131012970477, 3.633358780047598, 1.1460130836101041, 10.933682134952164, 11.905125883102126, 4.089449914474459, 9.61774674085448, -8.680938439436805, 0.5579972847844489, 4.67927320804308, -0.06827697302822225, -0.8199047226391807, 15.34088274608356, 23.737142913615084, 16.196294538753804, 1.5742050974330521, -7.437837959768694, -11.824008124868607, 3.274248988679598, 12.101797105889528, -3.989704611932115, 6.6343899315064645, -1.8586420815182871, -4.933465310622582, -1.7059600922514822, -21.817676273451823, 14.932876370409177, -10.95037586634447, 7.9436251833936025, 8.459243434476342, 5.457166128749334, 12.841866879017886, -7.956185236852828, -4.706395278688735, 1.0533030357803126, -0.07182112742690766, -6.707665330335556, 2.82115787927052, 14.586298299472292, -13.00877813546796, -6.50943565410127, -16.435117580081688, -17.401760742812044, -6.198669345340713, 4.835014779505734, -10.340402095520565, 11.946033418929996, -7.192970425333972, -7.310531130214116, -1.3763605688726779, -17.6977431296227, 2.919693275864856, -5.8114028738656085, -0.26449252907083215, 10.037171149363173, 6.049010762942958, -0.7089147541954259, 0.0235606479435502, -2.399446623296089, -6.050273327098575, 2.8958449987221906, 11.561129898180836, 8.42471307419204, -7.958907635064554, -23.20368932581334, -9.563027703102954, 1.2249872725429471, -5.15452157702302, -3.9815325482228427, 8.72640249526603, -21.33845843502778, -1.0771870851336438, -8.247251305661333, -4.9326287473038075, 5.555617750169777, -2.7471990136053908, -12.133179713938743, 9.540628524259576, -9.713741197125202, -1.5163544008495144, -1.7366789943463823, 3.2905170480735637, 3.8855396261101687, 11.996358932671123, -10.423704250280021, 3.6930361549492483, 0.7985729766146765, 2.613455779371473, 9.773534697555602, 16.728423943782882, -11.77905224006971, 11.464391661604417, -3.9313492333899824, -6.603658914527797, 7.724488278021163, -3.5023727493814287, 14.305991474664154, -7.99616271178385, -21.916044679955366, 2.6624607672341716, 2.1353983678006347, -15.910696153551088, -11.649947828025137, 5.784716550666368, -17.595549816140966, 6.521058336674324, -2.886025201079792, 1.4862238257227653, -0.5851569547335589, -6.410674447903773, -2.978403576619981, 2.2379339326273264, -1.1530953462976317, 0.32053416639774457, 5.2834965260008335, -11.487606823940633, 0.03188472591291509, -13.193502098953795, 6.684968659666746, 29.314870435286135, 0.4249241432769867, -9.987939197947204, -2.1209476151284203, -11.709406930068514, 5.215915756684546, 5.8628026921907015, 5.301561450951813, 9.28383929179876, 15.345575105370738, 16.128756500602027, 4.235392034958028, -3.586211638381497, 1.4600419267847986, 14.404554706903793, 18.93859709227358, -6.273594938439263, -11.0518018472524, 2.2039207963270044, -8.913506291152244, 7.255331956415395, 4.605212770802736, 3.8378417987160796, 14.17717007435385, -0.4125998950345806, 6.6228228372742, -0.9657699144112784, 20.65379938837153, -10.652499187477007, -4.181623825365272, -7.433800102514651, 16.24309195221962, 14.993656946072317, -18.785718768589422, -4.73765940776913, 0.8019356523698099, 10.721045706085997, -1.9662811506382774, 0.08822541623102974, -3.383100617989577, -12.66651375957084, -2.3311605108773734, -11.51687594416828, 0.4131615972580183, 12.756361056769451, 22.353991177484385, 7.377358088324088, -1.6156405720435765, -6.723659452950368, -6.64485375488214, 0.4688821429377013, -1.8169647228570318, 15.13549061410551, -4.349314775679836, -5.602830533399891, 15.750420340348839, -5.948223772023213, 20.884543233378242, -2.3218522119292215, 9.41154060311406, -20.40746702485589, -7.777985257185707, 17.897110445812654, -8.309300857174364, 25.958980507391864, 12.051378957632915, 2.283465757974715, -3.7243919502940295, -2.911846526024421, -6.540841156187805, 12.915689282933274, 5.3936825608442955, -13.49587739218053, 12.025669261216622, 18.674858180929316, 4.960231554763158, 4.693793366655234, 10.297822472119424, -2.3008923999644026, 30.966537220873477, 15.552981111490126, -7.590442334030608, -4.4403449478387, 14.910296332514838, -8.770863021835481, -10.52426422211303, 9.413826078685211, 10.43554095452158, -8.213646919743226, -7.502982044596661, -14.866116130105391, -16.743299857296748, 4.903648208773165, 3.038421884068243, -7.946792148630366, -3.2315847743349333, 