{"fitness": 65.25, "name": "Nathan 218126BAT", "genes": [-9.862703465540488, 12.367654422314278, -0.9837498506354689, -9.758447095493917, 13.704881389289023, 7.320188410458027, -0.676180981406274, -11.88744516266426, 19.904783161846137, -19.299686952474275, -16.38716993065625, -10.285913894716753, -3.749484453752607, -9.717397895857518, 6.713989744354235, 13.437151332754853, 9.842272627751907, 2.46139490848661, -5.6459908695337395, -5.599184972477819, 11.24101373158897, 1.9070250042749357, 3.9244581998018964, 7.352477217013685, -11.303395521870208, 1.4199329449384357, 20.872576102336062, 0.3944738879643052, 8.777126342221774, -5.00825472520239, 6.309211254735991, 11.360852072999517, 5.634021395047818, 11.507690984302082, -0.8866177673297584, -11.301105311198645, -10.226554434610685, 8.735120852390532, 4.08807794641116, -5.34318211208884, 15.758851741384202, 3.668954842746023, 8.282583522857765, -1.6179266784712127, -9.815699967113057, -18.056875374192476, 6.7377778102043555, -2.829382936153445, 10.623118930368108, 10.145456423266612, 10.68927794764588, 0.9384168701108658, 15.053758784261937, 10.233548877619466, 0.562551688925352, 11.062684988312759, -6.1350518674388255, 9.047320055217666, -3.999526341957041, -9.561926445262893, 6.727978643757122, -14.16038866034264, -6.861073154657984, 5.694729108266903, 5.4479945879285685, -8.653166282459605, -2.660209903153661, -6.674733557301136, -5.165041535997303, 7.437606983949997, 9.493469602284135, -1.9394813416576038, -2.7477763859289484, -1.3167958937464996, -1.112955909205606, -3.652206228258452, -2.3593868605663073, -1.8511549512498249, 12.379527712567151, 2.2654202171443925, 0.20693535959465853, -8.38397370190656, 9.079044472791072, -17.231325130478314, -12.188859992030448, 7.8137490096345426, 3.1125138953724836, -3.398360562268326, -23.238685559338236, -0.6807153400227235, 15.35913441028442, 9.418288257549488, 4.301132839985756, -4.756396622198355, -9.45065385211019, 0.7887155835955945, -4.876432263550206, -6.30005387423217, 3.9027964792639636, 6.752011783687875, -30.74616496705326, -1.184274517273196, -8.71029553062249, -9.139282228245733, -0.778558567341018, 8.93495517704197, -5.899195835289992, 11.557818027391669, 0.9128548093154428, 5.098879586684826, -12.411548601666032, 0.8406367956802774, -5.724997331407261, -10.427141379035302, -14.3579745517394, -0.5975140083388992, -0.7138879321916187, -1.3090067140264672, 0.8083608207064296, 7.617279115229837, -0.8025003088336126, -12.766476930113694, 10.377433828660418, 0.9893254214922155, -2.743386817796477, 6.337309064372366, 2.6954264156637393, -1.506915671133815, -6.480593488860437, -14.714117019795726, 11.248714218299416, 5.170553088886814, 2.5718141782253072, -14.79868963392939, -3.822371834000069, 10.477277981438595, -9.463125749736689, -5.924093069205463, -0.8127594144459974, -2.5134771108119285, -15.832394645611753, -5.189276554810843, -3.571865835748539, 16.73210178233554, -8.382442144702882, 3.7091575345955374, 0.750212014563915, 8.663522441930951, 10.532250661652718, -14.033509648806026, 13.404631357422426, -12.971136794038445, 8.8136751332097, 3.114410021411701, 3.008784254794834, 11.298445038884903, -5.41884035591929, -3.111388602292349, -2.331803317572626, -14.534482089683268, 25.5995625338227, -13.73883153059534, -4.5028773374893625, -2.428098360044811, -1.5731006107483054, -13.000389387688339, 9.984358729591136, -17.995659865135785, -3.8771628957510944, 2.2601379894879083, 1.5426415289860917, 4.544921866259004, 2.9721452444978813, 7.0825512126878305, 6.659442580795956, -10.584760932456502, -1.2370859446487323, -2.1295031416689176, 4.287887375473264, 1.8682291598645488, 5.863694762679742, 8.419574869515662, 9.308523485490324, 6.882743486431718, 2.247267244467465, 8.419845236074869, 12.696039440375309, 5.351890050202998, 10.634438168652379, -8.1139054016409, 1.4527874072936222, 2.1700949920376464, -1.1150800228920956, -1.2032599576419531, 16.664687269697474, 23.775045263988687, 16.022508336621893, 3.0590474107258023, -7.600839395613113, -11.371866803869143, 2.87574485687772, 9.54080443263664, -3.7463789369573113, 5.317479735992126, -1.391528731056254, -2.6401655281743466, -3.8729787301886223, -22.526744228788292, 11.209549009885887, -11.627033656397646, 8.078142918418118, 10.191097106015732, 5.915824112811149, 10.869520681585568, -7.684765292836446, -5.998908908770105, 1.4727653317956868, 0.8094810705591985, -9.237222351077731, 1.8827921908181902, 15.204484170993952, -10.65517945047107, -6.380107318763849, -19.65974042075031, -17.59183172218565, -4.825435504740987, 2.5993363838372696, -6.293261760273032, 7.287724858234232, -2.4283672016731814, -10.313975373178662, -2.7539972349569477, -18.74725608811136, 2.8960880004210843, -5.691980287770316, -0.39884658870380363, 10.213939533223085, 9.977157107578508, -3.3455219867827495, -2.072155949912085, -4.7256210919885815, -2.682644821806513, -0.35667070425334113, 7.224518794043675, 9.86199984588585, -9.641712140748282, -22.35042406452365, -8.009247823964193, 4.0087663133915115, -2.1402771628500132, -5.661163198267454, 6.405771971824367, -21.6651050794937, -1.2123965874752107, -9.615834383855386, -3.4106837886305765, 7.061966602256429, -2.10928914697458, -11.273605528436175, 11.259834070362428, -11.492815441512965, -1.994115126631315, 0.8200572465975853, 5.049689813340911, 1.933887458256563, 10.846088201865173, -12.12797879038763, 0.8554340089980618, 0.472622827334216, -1.0546354696281484, 11.36608962563754, 13.172814512809044, -11.02802175753557, 9.61555530209967, -3.495064447040483, -7.645004519598858, 8.043179023889405, -3.6946506928692857, 12.52314868699927, -3.989742314805291, -22.90840843151301, 0.14258832868560303, 3.3191782170277664, -18.22071312161661, -10.509336767755428, 4.478430718039428, -20.923690488349454, 9.476826049085334, -3.819269659510161, -0.5413032831664696, -3.0450706745675973, -7.125713295182635, -6.859360922492101, 1.2375248769733023, -3.6280077332547633, -5.898109064693902, 4.042779669307987, -10.063505674143814, 0.795564627892999, -15.691345874153889, 5.367824587492567, 30.972678204070682, -0.26688298046219844, -11.344729174427533, -4.059224224811672, -12.291046813968743, 5.579667323517838, 3.936671453945084, 3.727897515728732, 6.731661977783788, 18.303426213627425, 13.714471597055685, 0.7508491064021445, -1.8129899388386206, 2.2066261045371376, 14.784947487370468, 15.875593844729778, -6.665657131821819, -11.446432133733481, 2.313952582797955, -10.635774736594234, 8.202380069730726, 3.523264722451403, 2.322309272106297, 15.855981998001264, 0.013649873251316981, 7.2941234499215435, -1.0450855808706958, 17.329913568456682, -7.111543851196997, -3.332700598010365, -8.986763211529071, 15.489659813087444, 12.825268268195273, -16.866723180239116, -4.350134292818729, -0.5643074045818466, 9.162732541653291, -0.7702958487703129, -1.4196020139277459, -5.223975972845924, -8.26479222996948, -4.426437713564471, -11.179977785655701, 0.4692081894755184, 14.789517447605682, 23.049689408912258, 7.440348464031384, 0.17301622030444988, -8.406652376478139, -6.666092449160848, -0.8339599084419435, -0.6920113458790458, 17.656329573296446, -0.8704274075408479, -5.189622058934935, 8.374541125375265, -7.93935219838846, 20.172190643276103, -3.609877119083005, 7.630362812813764, -21.053095883014485, -8.745823547927786, 17.698879606160695, -6.308131966493978, 24.30219486051723, 9.802814198613227, 1.5666322218950897, -7.402201998089322, -3.8536830558452886, -2.2014687704758407, 13.153460945220957, 5.104652626442323, -11.549647596584734, 8.517780039390836, 18.357202036430625, 4.874061368749879, 2.829420525149361, 10.16280421603972, -1.3549408397278548, 31.6652491263038, 18.224347897611693, -5.924664127194377, -3.1100006575120642, 14.453363200037076, -12.899588255978193, -11.090654072536502, 8.30534169637914, 7.609958476230772, -8.435515336839025, -9.75958097229177, -15.457395450809532, -17.9090798518422, 6.471640128791984, -0.7001719190151372, -6.094569064554604, -1.4785462860107754, -15.877468217748573,