{"fitness": 63.25, "name": "Nathan 62BAT", "genes": [-6.882144574236597, 5.346116251840937, -0.26574292271578226, -8.666452167211613, 10.563729702090368, 6.802773766683957, -3.829317820399593, -5.874684421166884, 18.95650442743714, -19.25779024750155, -3.1769372503846105, -5.672457369944628, -6.724209549831888, -5.2654438417116465, 7.816270100883697, 8.9717333421122, 14.571101079279222, -1.681966121659858, -8.247697929346412, -5.925114940851694, 10.618174795281119, 6.012978544566107, -7.019607726939885, 13.740535168189028, -9.479185841598374, 7.022205177177128, 13.6044095531761, 4.58564644191637, 4.851119481167827, -2.3775015561143182, 5.538038918731102, 10.780354590127068, 9.576629812461988, 10.260195001577214, 8.601053465238788, -7.525017199954538, -14.81935705494422, 4.406126303914657, 0.1701322434988078, -7.76939475684104, 14.959534501608843, 2.1904492962321513, 2.5459718082528733, -9.326247111355903, -4.427578244872275, -13.751502472941624, 2.9172387843200367, -2.7942914577356137, 3.648000388407528, 11.946583898330001, 3.4846925032136196, 3.1603450309036107, 5.216370424869643, 6.838657689550319, 5.086748921341503, 13.36773001763116, -6.526872873897968, 9.606525776220993, -4.6981126891879885, -4.8690057891162555, 7.363518178940794, -10.469175241205413, 2.9974788273894033, 5.40051120538374, -0.6742806193846695, -7.149054314454286, -1.9367850727735985, -2.7472567049505803, -7.949677983678284, 7.848721245975197, 11.603472850128282, -3.1037617199579755, -7.03829468303457, -1.237918590551822, -2.093546019546403, -10.308069083086382, -6.733618015338396, -4.207443218083131, 8.475372450721194, 6.160854083385581, 0.7436553745478544, -8.96948003605603, 1.2548391217706472, -13.638809435455654, -16.937986176458004, 0.9630716617948225, -1.4731272812633496, -3.042665133699772, -22.83635784170124, 4.506749235374921, 12.589272500557838, 13.2763766267476, 7.361960035987205, -1.8556246973318427, -1.0385783036591008, -1.689227624591145, -5.6100811475379215, 5.0128616691916505, 4.037718106894771, 7.012619539871422, -21.932455546356252, 0.4228711351557274, -7.4478157148185495, -7.6281060912149785, -3.492456443687211, 1.279384283219107, -3.096698995666658, 7.6665638416297375, -1.7999288991690765, 1.0229715753515916, -6.675752119569886, -0.7312038491391784, 1.644984200705893, -5.703542582035685, -15.210310609755554, -7.198291432325073, 1.1733808293355374, -2.7313376960121207, 1.7143876280577817, 5.329888784468106, -7.601038739030571, -9.353008418249708, 12.913116548632356, -4.387469772451461, -0.06704055300330745, 2.249576648990488, 1.3343326789802854, -5.828891878264582, -7.9517315982025805, -16.385792705612534, 7.452703986286713, -0.8594615198745331, 10.660294207574083, -15.502574099121702, -8.288033368052108, 6.969856333208338, -5.718936972552895, -8.928874634354374, -11.865576246362792, -2.278514271959312, -5.141955588633959, -9.236468538446013, 8.850949891791808, 9.874236408369804, -3.6363892071443367, 7.826697683950934, -5.664730841384212, 1.2172164213335064, 12.461038246130414, -11.757401220552536, 1.6875169544059478, -16.433771127231644, 5.347396963408634, -4.13208496954359, -1.7481493726986417, 8.963921271605791, -8.045261672979139, -6.06085632460912, 3.2944511403059087, -4.977311169157051, 22.879958230170356, -6.592571742980031, 1.295884710430659, 0.5110825592753104, -0.5228503703818377, -5.641279004536854, 12.729616983341637, -19.97556930148418, -4.719783241711868, 4.966455763935614, 2.9271748330971232, 1.5867836443008927, 9.256895630790135, 7.492040546059739, 12.118432478629293, -4.066408910017432, -5.608762659146213, 4.964786048162213, 2.6268992627416736, 0.8738875631591612, -0.5169419500899709, 4.026865737968207, 13.611214258381034, 4.7603120206226555, 0.6709793717320289, 5.083624378765983, 16.609185637773408, 3.313467685291712, 12.332328926024774, -5.972756711579338, 5.074627494316065, 11.19734315138045, -0.2028258819118004, 3.350136404580804, 15.467786409501326, 21.71857113327997, 16.53522754123575, 0.6022620963577099, -10.703481082070253, -6.467194970553283, 4.148692939758785, 1.3924858679537082, -1.150933382750739, 7.632074044779787, 1.6424150217019302, -2.758832385945105, -3.814876707616238, -21.8477095964355, 6.482931090008667, -14.712519812585423, 9.13850221482781, 7.865457266067037, 1.7783207824253005, 10.501784172151494, -0.6436628888371886, -5.0161254406387705, 1.621055966197859, 2.5854937498339616, -3.1444824147123653, -0.8343677805744832, 9.991841617833655, -9.803421810750807, -7.915812054887398, -14.780851752043036, -17.981428547488143, -0.17794230492920712, 4.190941101439364, -5.703127340892617, 3.780401273898133, -11.091452615180287, -8.861719479645059, 1.494855805771748, -11.885142411532206, -0.7825784561912512, -11.330737812737507, -0.1080537806535229, 11.52107438047443, 16.0583142162973, -6.564754302584863, -2.527750309769646, -0.11988852610012843, -4.619621152784417, 5.881089781502475, 6.816849670368218, 13.5026116996151, -5.026330904952622, -20.76413828617858, -11.020152109895118, 7.954502369671624, -3.8107434822867203, -5.635946093942254, -0.018238396624446943, -13.457163720126522, -8.815827258885376, -9.716669298869993, -2.2479422131952767, -1.870726950327964, -2.390972832404206, -6.362685855683344, 17.641140929012966, 2.6880479556795276, -4.252272027061398, 1.897889849492368, 4.2974019519439235, 2.297245054062941, 9.989399692234826, -9.483590896308577, 4.0027878454793235, 2.135596996201232, -5.55442790131716, 0.8831927744448723, 6.747566428780126, -9.100857351143818, -1.4806883519978802, 4.039643443680401, -5.078012153084844, 6.457459443535864, -6.750180008969266, 13.779134302071316, -8.984842969510476, -19.682706191171953, -1.7972472945217208, 1.318791458609267, -18.980662060765834, -10.252765468873458, 0.8848095274113178, -22.929630418069085, 15.95121955411369, -2.9173168645233267, 2.332780206017438, -2.2857378995173563, -4.365312735087452, -7.568436640020349, -0.7713988293657286, -3.2452822184190606, -5.207569623405056, 3.7201081171658354, -6.391567681565124, -3.3963915207806603, -9.912478118773201, 6.644866332533022, 24.198264143376353, 5.861226727797662, -14.260780435469458, -1.421590257123276, -5.340543366040052, 7.960723386946537, 5.122095088910903, 4.576540286473407, 4.006173820526055, 18.167189778047348, 12.339511375927932, 4.039403691874904, -2.5696253444311763, 0.2566827652095476, 9.349422437173637, 11.440695065033573, -3.9760895697548575, -20.528610007508263, 0.8164924502491129, -7.4245099143135125, 16.751675670205866, 6.034749842687688, 1.500043361617538, 16.104086076319458, -5.74971552413135, 11.787780474279947, -7.598489933742788, 18.3201830965214, -5.313081058200753, -3.4977892085780815, -7.557988079257488, 6.980879810885452, 11.715856845135663, -8.526374362854016, -2.386911898902901, 4.535255666833998, 11.307519644962005, -8.225925365528305, -5.985146910672383, -7.340326991179814, -8.345585490908562, -8.056272956298837, -7.6340315358119755, 4.777658385265722, 18.724601170432894, 21.20569859268515, 8.439091333374016, 2.5769216845013925, -6.35185915442081, -1.6852965711662602, -4.679073136703745, -0.4302594711207079, 22.932658062130724, -3.3849022235383717, 3.656243668673978, 6.317752884531365, -2.715984639721909, 9.613961052875682, 1.4110728484437292, 8.367264414244637, -21.08270032978839, -8.401960235844925, 8.675603673680019, -0.9885175377986577, 24.641089186006237, 3.9112634019578905, -4.386622225824943, 1.1888323689262768, 5.707141419651884, 2.1288244969511774, 6.7331398872350645, 5.655075509045721, -6.366629162634941, 12.34850003184509, 16.422215212088407, 4.749031785399344, -1.8597565974077026, 7.795289995571128, -3.072866219365948, 28.789471536175412, 15.868481176506787, -6.91325308671209, -1.1104680751893499, 14.853760533786604, -5.352079352404623, -5.981842708684111, 8.789105663530645, 11.879524129880688, -7.436286144318336, -6.83086411292691, -16.629529519913007, -22.88509840335997, 13.36554761757734, 3.083765598590388, -4.1366111524625735, 1.562022370975578, -12.574058688910325, -8.038651945020124, 