{"fitness": 63.93, "name": "Nathan 7396BAT", "genes": [-6.926131894302582, 4.970387397018648, -1.7656582132502667, -8.54795344121867, 10.336464680864628, 6.8454382017988795, -2.7267724410250476, -5.470664699825532, 18.02992743518739, -19.70576859908521, -2.885877738901228, -5.992125536928036, -6.864576146943646, -6.087339438254282, 7.66796808018989, 7.4534948624654325, 15.638334665381999, -2.522703540560043, -7.286510720340726, -5.9326613305814, 9.379770097821632, 6.839568393780016, -5.913613191646296, 12.371624391501436, -9.508345251601801, 8.317653790948308, 13.720246544493124, 3.2095052869260186, 4.386577081060039, -3.064418363008535, 5.39164859576371, 10.042975654199306, 7.312167612397692, 10.816367130635312, 7.8151207121977935, -7.9964037963018395, -15.16455668835881, 5.929302438050228, 0.006543856858368167, -7.370663886129315, 14.567756881495061, 2.5700082537233317, 2.733697910233691, -9.173143213144808, -4.8441868180193, -16.099686812249306, 4.870603121540128, -2.5264088097038533, 4.847544775729833, 11.555480959714666, 3.396097299637515, 2.049195064692512, 4.886742295498109, 7.908217080138615, 4.999342655609267, 12.916565358705647, -6.535466545684661, 9.001388963989118, -4.740251135673489, -4.964159208119924, 6.0265286145945645, -10.023486577388823, 3.280022799480608, 5.595396041637451, -0.9036895210041405, -7.143629890258964, -2.34826696572428, -5.575537486041097, -9.19420744320412, 8.40468780964568, 13.251574852356555, -2.4679037865698037, -7.102530943663845, -0.9771958734704145, -1.7797032018673815, -9.372119916952018, -5.983555024508178, -4.407556505754128, 7.883928362439784, 6.433672322684398, 1.374387299013863, -8.9200345292122, 2.2849306379446928, -13.446615049237217, -16.121335120937452, 0.21865040845720546, -0.5694345997570309, -3.553708182546835, -23.204637852690766, 4.021237712968253, 12.499271703675644, 12.666159322805685, 6.693490645189683, -0.8422372482553251, -1.719617722931443, -1.5402542604204923, -5.307530280727137, 4.124341294208223, 3.6464387704393, 7.145368940023862, -23.13580775346822, 0.9257048142555172, -7.4436270141000085, -8.82630311312751, -3.3333989675351527, 2.7347379895247768, -3.7276094070842687, 7.848656948125213, -2.049340205774868, 0.5776185105627512, -7.047907108430345, -2.0596576541951648, 1.1668613257851488, -6.320676551604044, -14.982655448058773, -7.926782376389833, 1.9162164798797632, -3.210546352662427, 1.6688031399273893, 5.603833595646654, -6.655201500129167, -8.308293420786157, 13.504058548435065, -5.054900534653657, -1.1387496300127322, 2.0369231206525966, 1.460514894601048, -5.529766983539965, -7.103718869410956, -16.284637356461857, 6.259824421223841, -0.8179444328786104, 11.231299348234835, -14.652806480475682, -8.098284176247887, 5.962903925680407, -5.3671919882958, -9.13797083396629, -10.644661779420414, -1.014943420067751, -5.217646506795436, -10.39722417854101, 8.404962627802677, 9.532312158639986, -4.59918431253423, 8.810687320155086, -6.094118715858902, 2.0519321337358427, 14.003557085050934, -11.300601849024702, 1.4289192919440779, -16.249243503087854, 4.29760190268791, -4.176161978057432, -2.7380399043005705, 9.0349316400115, -9.30792864827297, -6.10036544453952, 3.2046790918724803, -5.51352429172836, 22.985004695200956, -6.374634995353725, 1.2666774810741583, 0.036010262162368877, -0.7377735649666369, -6.759065432904735, 12.209405924555613, -19.499706681064975, -4.384776157005752, 5.997672837739429, 4.426092180743676, 2.820830107322211, 8.841726590879777, 7.882214483306742, 12.644425516763453, -3.980628961930867, -4.92416426454857, 3.8499084973398334, 3.036674052629911, 0.7369612713503991, 0.31747956348602463, 4.745493679000395, 14.211937994022458, 5.875657075792417, 2.071555255274841, 4.747880444437926, 15.32257945537786, 1.9164152210413397, 12.237472540260226, -5.91329158301887, 4.620418607406171, 10.962788400028481, -0.5162101689640688, 3.215843066140318, 15.381658285274922, 20.196728553925627, 18.242838858627902, -0.2809926314258716, -10.515094012610772, -5.109842109317091, 4.0794281179798215, 2.208649194317302, -2.533505388052467, 8.647595516076928, 1.9737118631225548, -3.514743957932546, -3.884591314143435, -21.791181493405226, 7.6492607761935725, -15.047338621607244, 9.256201809098679, 7.225596741231283, 2.702765116003506, 9.525125811670721, -1.9987125819764606, -5.662239973270425, 2.5131531880565796, 2.7846373928692043, -4.036011860314144, -1.9325004782229755, 11.175444677579849, -10.386147858775141, -8.217840919867756, -13.695123951763966, -18.660332080216207, -0.6778722500759344, 4.304918458370189, -5.819839167133009, 4.3248559003223095, -11.424966227638832, -7.948633479468495, 1.117965547368055, -12.50673224766254, -0.22269923337507774, -11.918949534612157, 0.2947191287024535, 10.07754858344892, 15.146710662689184, -6.2877880060620965, -1.9830341462050034, -0.8247955924219463, -4.220791465933607, 6.528550540933135, 6.690701016030231, 13.546417496240446, -4.43334720019014, -20.52746104731763, -11.37844202636909, 6.849112155745623, -3.0876470892243564, -5.82551228155178, 0.7042543077120121, -13.626248247445922, -8.40960720575034, -10.097779376993058, -2.1706270666344114, -1.4922315467646081, -2.924892789395098, -5.554352524978479, 18.346924808848478, 1.6400239184220624, -4.329842826705308, 1.5270493476232883, 4.02040522104609, 3.91704769318672, 10.151715869114241, -9.04614447470586, 5.552762499278556, 2.7045171526496197, -5.282132046851833, 1.5609015056024065, 8.627591667668746, -10.2785940157901, -0.3970978359050826, 4.822702371856349, -5.101642566286971, 5.317275852232298, -7.290135010309106, 14.392283620717235, -8.493446213332255, -20.434362083544602, -2.3581935411748955, 1.1827500466969345, -17.666882395747155, -8.622483214054219, 0.9160426185437918, -23.424688275226657, 16.899842714588853, -2.46191739090099, 2.60549781573427, -2.394064144509058, -4.95654094747708, -7.7598919367652694, -1.4305227236722307, -3.907828269140315, -5.385030930997271, 3.5757050459289212, -8.002673984203714, -2.962841597110607, -9.138421865648834, 6.433089513196923, 24.29956443127444, 4.758968002362637, -13.90827460100619, -1.8177386422677861, -5.593439395215005, 8.490111070446172, 4.981271153192976, 4.282233114737166, 4.55446960291865, 18.679143115794457, 10.969894782155592, 3.9249434190511376, -3.3782961677661483, 0.48503008764985206, 10.0832430526728, 9.405985704849265, -3.622718810642755, -19.407181663139234, 0.36833893530218653, -7.234096089449769, 16.663298612922013, 7.653972429388606, 1.7654563248951014, 15.905509552958556, -5.867293764571604, 11.423611687575915, -8.82893369039128, 18.892087890736704, -4.968871533189282, -4.5667658458085425, -7.180711434816772, 7.508666209584599, 13.219936149091152, -8.856992378244886, -3.3099790842524786, 4.465901093360707, 12.907045148019147, -8.958378730279493, -5.605802263073355, -7.5697832483008805, -8.577035846031373, -8.959797651506785, -6.406955999001907, 4.164653038890626, 19.103807505120436, 22.229200865522923, 9.98025182222186, 1.8917609740813164, -6.263315747300686, -1.3189999093398401, -5.083324512540052, -0.6508463190875755, 22.649392252885676, -3.1431165649977144, 3.6081190975300834, 5.909371233334553, -3.1929343872776896, 9.947291118070723, 0.018425237180146034, 8.721441668129843, -21.348122904531238, -9.1985998540295, 8.588099597260337, -1.4563385211348847, 23.805450662748484, 4.794807480051481, -3.2421088654597394, 1.4040165497336732, 4.787878969829485, 2.0037308397962086, 6.385911170595865, 6.0207373880462285, -6.725989734030489, 12.49990684070976, 16.51539620572409, 4.583760479872185, -1.1129864235165605, 8.219168094153641, -3.139489312667483, 29.033493583855982, 15.733303748607844, -6.392396521992756, -0.013086461926687915, 15.767484793959015, -4.751098728055844, -6.474178710223937, 7.959926203481431, 12.589361743356166, -8.661591041331997, -6.040388897328168, -16.110198931047577, -22.668974254513245, 12.571310640321757, 3.9697636876276254, -3.4089816172491276, 1.8176058208622032, -12.570290921823027, -8.375441742462002, 