{"fitness": 65.59, "name": "Nathan 357101BAT", "genes": [-14.778767299784139, 23.798414258937523, 0.863535496110467, -12.275005893684876, 17.209901086022562, 6.580052462014931, -0.7828622478504759, -14.44014109919729, 21.668410311247104, -14.746193453066065, -21.042183399192975, -3.87220474170549, -1.8553854187031784, -5.061494601832936, 5.382471893984873, 12.83626955452035, 10.719021345323704, 7.458889830310205, -4.179684449047272, -12.979518242631634, 17.70406390049299, -2.6211112431179306, 0.3308108839958186, 7.292743395991556, -13.930527107266915, 1.7456305990125336, 25.163937535853957, -5.7659462929935, 12.506182807181474, 2.1157181932101716, 4.553020966341042, 17.12211471966087, 4.748583511936462, 7.098276336254527, -6.754270216773312, -7.1926992485495616, -9.811410741866338, 8.044975348680811, 6.391881889132749, -2.505471524758397, 14.06557620296753, 3.652375527413768, 10.998881800507583, -5.233180966006517, -0.8344216762683822, -17.70352585215024, 5.693230254759317, -2.4049997101707103, 9.686427048978006, 9.243610540079366, 12.690221166323733, -0.25194705537098844, 14.756599192120483, 9.53943056215343, -0.3780176775183589, 17.742117107505774, -9.09310291884225, 8.160364564694246, -9.331391800133447, -8.585159866219785, 6.875351035227439, -15.622671079252962, -9.633361710484786, 6.027530275206083, 1.9816221595873122, -10.874042778361014, -1.1448413893481248, -14.435218166737851, -5.909187099213716, 6.287268883272282, 7.874336600994106, -0.8849627899730184, -3.136179786760874, 2.929634056228855, -3.2621838260597653, 2.135261811738284, 3.7038518405807945, -9.783763996151693, 10.712489820521583, 1.7648103530206243, -2.297015204295693, -10.058639724665426, 9.714272096091786, -17.103007686748107, -14.508000307320293, 7.663918729893503, 6.0119773485738826, -2.3759725314193996, -20.210419413433506, -1.3585170808469877, 15.773893912418613, 9.864726798696474, 0.4034112110079662, 2.1590249634672123, -8.931227160910469, 0.20570462404136503, -4.776925366992765, -7.393579693901182, 3.044464695243538, 11.759374969278722, -33.477870541915586, 3.2777784221438044, -12.74332787341851, -3.29741874666183, 1.2910795482274826, 6.512999419098888, -7.901490424476027, 6.078342598448596, 0.2694391003827872, -0.2301065500691688, -8.726491708839747, 1.0333791285941245, -8.615867670815227, -6.51040155409153, -16.196691324803883, 3.78975153110966, -1.4657238751817308, -7.587743120975593, -2.5264550256068126, 3.9509088813929885, -5.139026989007557, -16.969792950082383, 11.99169007155859, -2.9733175504879794, -1.3699330457779015, 11.128759170098268, -0.9750862747476396, -7.768949623441399, -5.744797965582851, -14.467446842560198, 15.059349163262326, 4.89038392153264, 1.5723706830603574, -16.871137811500315, -5.042540733182084, 11.568709520603848, -8.969012186109603, 4.6968942763528965, -0.003120170456887561, -6.428747637509734, -17.831357572104466, -10.48392074436237, -0.08828533922925377, 13.711095902303446, -10.132076552574778, 3.2450298404463043, -4.999402376406993, 10.774169622793167, 10.978865244791729, -18.421975467560642, 13.166971431533089, -10.623748566237786, 5.251964142536647, 4.714248698468513, 1.5402417342334391, 17.92684593117244, 0.43646574201761623, -1.5960057707761632, -2.060914877221547, -15.328182334351634, 19.498684605653082, -9.448446407397732, -5.373668153358965, 1.1370347018101417, -4.233315772537093, -9.05949260691544, 12.6647345599841, -19.458107977570656, -1.9948256175135421, -1.0625933820307012, 8.821371630907862, 4.106339039898148, 0.23953424007308863, 10.409644281255455, 8.25584579807207, -10.515584293165025, -2.363775664743199, -2.9112521061547545, 2.6108950813452902, -3.8918609128135784, 3.1640797604422457, 11.044190090617745, 11.024015306447822, 0.6113306738421291, 7.32527936605282, 11.278500245297435, 17.264976455029554, 1.7382687172414268, 8.959657355836688, -9.931511767465063, 2.5458412841009923, 4.158646372858896, -4.5292087975123545, 1.6114652107841667, 14.061082863995534, 19.615990168273093, 15.216622208921745, 2.7537889069461716, -9.849417005742074, -7.496152221413068, -0.9277781880770706, 18.237743858735364, -5.703325035061965, 5.906594664971451, -0.33614163835608146, -3.840368435878947, 2.68341968143096, -18.683255713803536, 19.99357260124876, -5.942491862142236, 6.6603559381575845, 5.426640723986786, 1.4621520320339298, 13.475468396180288, -7.062064122718135, -8.364320271759414, -2.832500546951427, -0.6044751536808524, -11.123253015494928, 4.426819285131966, 10.48724039996573, -6.440570704909882, -8.105693255225837, -19.534248496603713, -17.526646690580446, -2.3411017151486204, 7.089900121948052, -10.221764790000163, 19.75485956345522, -7.511162178751898, -11.779498496485818, -1.9130094250477228, -22.199904673544097, 3.5368803910851723, -6.951169138389538, -1.684598562209525, 8.58631472714868, 7.270915376870431, -1.9412309271285229, -0.7737481973866327, -1.3412345226859508, -9.270661624834535, 4.433968863818073, 11.745184856102982, 8.36434712070051, -11.949978501531076, -23.881768854663004, -6.710380826328301, 5.840938674807122, -3.6611817274898173, -3.6627116796812937, 10.450171812170785, -17.487036895804078, -1.0317576865356954, -10.980247270262726, -13.981837878030232, 8.38999855871602, -9.208769056734274, -11.89336785281068, 9.884281172336857, -6.550939675542341, -1.1647173798925916, -1.1384177510266906, 8.434516798100836, 0.9666411778203812, 10.274698643523402, -11.545110599217384, 2.486263817835172, 1.0322116831660115, 1.366401259796085, 12.006005387849914, 18.89540487154329, -13.334540177036388, 12.068734151289908, -9.079441237205936, -2.6169377841035, 10.90255299880621, -0.4679682368653132, 9.235717485229856, -5.4729272879365425, -22.698398432294674, 2.249183287225733, -4.039507333664227, -19.451038699224107, -10.820784159897718, 5.97878203911557, -17.99888959373976, 7.681599355045149, -4.983232507538469, -4.31469591569142, 0.8715315176567681, -3.467912525701994, -3.6303195659679415, 2.6290954381144074, -1.6531925774397127, 1.6041113288025788, 5.9463435662504525, -7.5480266759709185, -2.320491633826432, -7.848267098552106, 6.630826079397371, 29.77109182864281, -4.7455760721585385, -9.07615353539588, -0.18164366228694162, -10.258865496542429, 4.490928515361628, 7.3893965047076255, 4.960610292471472, 4.89098709717273, 13.319454737883223, 17.540504464499335, 5.846425453856062, -8.818793233592485, 4.2152959395441325, 16.12384588577738, 13.982886015564535, -5.551924541317738, -8.218731546526591, -3.6699234560140224, -2.418132444906588, 6.5591344057168035, 5.15013156669989, 0.9718544511535396, 16.12474164529816, 1.8800291454570024, 8.214831165531487, -4.8531261377137005, 18.93201266081119, -9.135106726434808, -8.264819563197076, -7.021351513102134, 15.617138718244366, 20.62335305828812, -20.664727893999974, -4.955822613444617, -2.840648742878228, 14.180861409537455, -3.0111739534101347, -0.7937938361396286, -3.986932602437656, -10.911948573285615, -2.0870473028130125, -13.526158880121388, 3.8034997763774956, 17.835017218072984, 24.637799322464392, 3.422210613809387, 1.2566059858452538, -6.228799577028436, -7.775830040642924, 2.528912852671308, -3.555608592284376, 17.290147907025492, 0.3752921182840094, -2.9011175224281014, 23.06383378929731, -5.505789822460823, 17.953475825333847, -5.0351389835572515, 5.045189172125749, -21.405891781590068, -7.787853313760512, 19.86085487504282, -9.17227037625579, 25.76844521531415, 9.735556826680263, 1.4412549183892096, -6.597685058741239, -4.435331558574504, -5.116921730906113, 13.118106910775998, 2.987437053717567, -16.25787779046459, 13.410386664738285, 21.353219303975347, 7.027214542765399, 4.749861518209496, 10.885336582103191, -1.0505943984549606, 27.592548704369822, 9.662072526632777, -8.187125321895007, -2.305750504647864, 15.364429247168326, -9.886513633077861, -12.534236737954904, 13.153377324839793, 9.730962482007767, -12.218009202787659, -4.804729239251285, -11.075399324493562, -13.309922596150704, 4.953773914620642, 4.06465924654945, -9.308019058115164, -1.0542673997006706, 