{"fitness": 63.82, "name": "Nathan 542BAT", "genes": [-7.035885439537549, 5.315770450361024, -0.3914942851435508, -8.435533212641225, 10.539436933028313, 6.634674753736599, -3.948233929140128, -5.821270566513682, 18.862745603694773, -19.41557902574946, -3.098120191659057, -5.905227038824601, -7.0176603043861325, -5.373536288574112, 8.003573225147852, 8.650657175987105, 14.710025010892517, -1.719377122153272, -8.734367646978102, -5.8225298044315945, 10.445805104801401, 6.03567312709188, -7.118435421870878, 13.899780577131162, -9.653346569063643, 7.257839460065043, 13.53327328540903, 4.718391008408731, 4.7282210835512695, -2.388839051931812, 5.593879873123271, 10.575881516915723, 9.198614443551538, 10.355392345863502, 8.43901225413151, -7.731231332251988, -14.48433467209041, 4.240261067679548, 0.48853056436246534, -7.6480124684321655, 14.295920214197281, 1.9978530294541563, 2.2346882381508535, -9.647248238062534, -4.462678547503772, -14.105787479715776, 2.996408707432671, -2.887693022804894, 3.6838864488077134, 11.816748568824513, 3.5007865149199255, 3.5108431809976572, 4.680575058059594, 6.831466652554124, 5.206633235419403, 13.140740781851024, -6.328606603601388, 9.164509841723733, -4.592338058501257, -5.1379387187286545, 7.300276651700884, -10.381312392100622, 2.559249118773406, 5.745240315365588, -0.9730792180734094, -7.081108150201054, -1.8253097009944543, -3.1004615129173767, -7.945012961212717, 7.767845665456181, 12.202239803601973, -2.794024823074964, -7.027440113608209, -1.3981182528671088, -1.9838741871014547, -10.133235850357682, -6.600469498270364, -4.138119701859933, 8.48098887424857, 6.30467305228309, 0.7535876955560744, -8.938607295054544, 1.2579004529720323, -13.672171511243574, -16.99079968458211, 1.0475312936319827, -1.2205625841321994, -2.8888789042685126, -23.104107314583416, 4.318769024752624, 12.402493398825102, 13.381021962313552, 7.3459692307210185, -1.5901574086883237, -1.400197080638747, -1.7750989667060224, -5.947325334570412, 5.004540412283677, 3.8561305875038334, 7.134094703523106, -22.61472038985617, 0.5590706716695147, -7.3106980292735715, -7.624059336465729, -3.4758195558833136, 1.200894452923641, -3.094498027375829, 8.056122329364886, -1.8740834651627765, 0.8579179294324958, -6.686119553420666, -1.2423035962782687, 1.646094956681394, -5.574629402543866, -14.949067490379246, -7.078259904687204, 1.1443788190987918, -2.8475119440288084, 1.9843795450040176, 5.2588262104807475, -7.59731964738221, -9.280904484136462, 13.003330162863087, -4.49875814806603, -0.5391954286772136, 2.4756666862590357, 1.215778523135818, -5.64390326525721, -7.95747766896654, -16.52797542962411, 7.427242860792428, -0.6302302351793699, 10.697580611012768, -15.354772567097141, -7.951811544151063, 7.129496680451192, -5.624181327174402, -8.765355931354437, -11.779062335537605, -2.2339402963502404, -5.1766005349041855, -9.36079372689916, 8.719418135611178, 9.678174698575527, -3.6394050722993834, 8.604636175033285, -6.09139071636133, 1.4998342889379193, 12.485946280384576, -11.78310965863035, 1.5748240266631661, -16.320263277322553, 5.13087355451745, -4.220612951956898, -1.6007446840438964, 9.000198199005144, -7.911461996644446, -6.112229334701472, 3.288045129167508, -4.842223128016118, 22.86021158547026, -6.768647041945186, 1.2607781809353558, 0.6994602497988723, -0.5740378220777824, -5.946613601445505, 12.512250511732214, -19.9791472392157, -4.914142971309435, 5.069470512518309, 3.3471430372268234, 1.8171508075319605, 9.187752238665198, 7.9301251941793565, 12.473563681699561, -4.039507307768885, -5.740043919471845, 4.690456855620008, 2.5420062317009036, 0.2292159301086136, -0.2652487970847258, 4.169401460820737, 13.957097164668225, 4.904710259598819, 0.8145136724829738, 5.042269352882614, 16.450260375084188, 3.539426030802541, 12.516012430927038, -5.933136153084777, 5.433258962302012, 11.239957303837135, 0.08764799151571576, 3.4369728654021467, 15.61705251363844, 21.62828836268544, 16.882205227335206, 0.3830124837988382, -10.47032140737499, -6.131437247126134, 4.0126869364248, 1.1947302515974358, -1.4292081232994192, 7.782120310642013, 1.381421099348727, -2.829140961721718, -3.8261442436460116, -21.98213826749891, 6.28664364512367, -14.599485691937618, 9.333339369078065, 7.88659666694156, 1.6723132962874898, 10.220195823822692, -0.4113523978915153, -5.088685264896717, 1.8161409739656924, 2.6459123682599945, -3.277243131758799, -0.7829673365033236, 9.898591832995113, -10.036752904894126, -7.639392045757575, -14.641436314089962, -18.00038914420078, -0.18860729929630987, 4.0342889168035825, -5.674133152328927, 3.9508613844653055, -10.647770325348954, -8.743257393077915, 1.2151848255025286, -11.861286500077995, -0.7581857080180568, -11.435118451649819, -0.28902092224743203, 11.274752168727252, 15.856195860264743, -6.421363279525673, -2.6242865833186486, -0.27353928221868606, -4.679238487240265, 6.231079901955555, 6.995382298543635, 13.35976549576305, -4.993414796824329, -20.796520839606487, -10.825534811294336, 7.8221316178079086, -3.723724207202316, -5.469888653532557, 0.22507696627011195, -13.681774852067111, -8.68245181310035, -9.791088309100589, -2.468842441896952, -2.1535566381933076, -2.296015900436029, -6.0791122678239145, 17.560329231593933, 2.472128111495907, -4.253787048534148, 1.8743067551146664, 4.261834732317108, 2.2694402286584623, 9.74778051885661, -9.304495038655256, 3.9278785808941623, 2.230007408507794, -5.783331881137776, 0.79960296001668, 6.523364001479128, -9.347794418148178, -1.1256354083982223, 4.147694511588399, -5.029129981612879, 6.246002399120199, -6.656703769088097, 13.951408427483697, -9.180546845389152, -19.77341217757839, -1.8780778505640239, 1.748951942485912, -19.2423738149409, -10.078116299274708, 0.5450046585568649, -22.610981525608004, 16.547386676288355, -2.82022601512859, 2.4592666509388317, -2.31999842973458, -4.2850542407585, -7.655652207435707, -0.8309205253130912, -2.911976802587048, -4.667061742179152, 3.6255038371311388, -6.330102467471459, -3.297388750419115, -10.136380814088279, 6.808126561627686, 23.927737942129475, 5.816889219271326, -14.090739162199347, -1.5299986662452945, -5.459547755895008, 8.211993501497831, 5.101722266738017, 4.813448703451925, 3.710875907706729, 18.663719605631922, 12.244184395350391, 4.007724390945007, -2.793330629576064, 0.5873640688225582, 9.61578147985558, 11.632381503037271, -3.9729922934972195, -20.48811283520006, 0.5885656659903508, -7.442781406915299, 16.638994946364544, 6.006502355743045, 1.4283540851764243, 16.241199705131397, -5.899009761078028, 11.721254879749894, -7.342381575498213, 18.162876171974816, -4.8912354690370305, -3.574633051300507, -7.63433348039668, 7.164781686187586, 11.714602124999661, -8.186701992798296, -2.4655057100847904, 4.741388080129123, 11.521704212209304, -7.734622421154157, -5.973058115456539, -7.456154762236056, -8.481401989744871, -8.255819476597882, -7.212489958141074, 4.36150835089969, 18.81156666739628, 21.341964048605693, 8.258947529518885, 2.6345976245812355, -6.49628790754262, -1.285334249088401, -4.483301433789092, -0.5293286415735186, 22.691037623591523, -3.3376635902948273, 3.2886263042935355, 6.492830715121054, -2.55104908812402, 9.851759228941843, 1.400094389167522, 8.46657679234118, -21.43790673475363, -8.471730078054, 8.65491117393415, -0.9243081644996608, 24.709676604163143, 3.558053162138887, -4.0751467349579595, 1.1256992251702587, 5.476116310854559, 2.064101700572266, 6.601208600145227, 5.674785992557093, -6.718782374958849, 12.389305788274282, 16.32221586214798, 4.741190468887738, -1.5923169006682167, 7.755990019463767, -3.3083865465975992, 29.053469641477164, 15.459121186716343, -6.6513451732488305, -1.1313997073479458, 15.106502411069933, -5.4027487583297535, -6.091565840140204, 8.611005260719692, 11.833062577123558, -7.787927694266931, -7.042732510285055, -16.826992732164364, -22.783167064152902, 13.184869975174326, 3.1131776494967487, -3.873203848005648, 1.7931456362083336, -12.842745005576532, -8.166116151977956, 