{"fitness": 65.04, "name": "Nathan 211547BAT", "genes": [-10.945030780618456, 11.77771766847495, -0.9569801369830021, -9.654466622030627, 13.255426076752252, 7.248985581946889, 0.2714395233639144, -11.641572640464616, 19.794120075553632, -19.800954880700413, -17.55402868111611, -10.633734223220793, -3.802504164626027, -9.933087881288513, 6.708169688484847, 13.851768642127375, 10.723229587703658, 2.244164623934792, -5.590378955642037, -6.70224162543962, 12.894601555802371, 2.9988436723262932, 4.289859909214805, 6.130706326704626, -11.932776886199012, 1.1105381721726013, 19.815192038474176, 0.58763854500272, 8.098974968637283, -5.645939057820062, 7.093097142043596, 12.482528405167447, 5.830522239676043, 11.290868016747057, 0.157992213636045, -11.28944554644145, -9.879124357503867, 8.394166608769206, 3.8083136755707314, -4.428656905893894, 14.208872702961408, 3.273300938179861, 8.054900712594128, -1.5343426575033599, -9.915988696026393, -18.343486935983954, 5.29162724407516, -3.0560590822322564, 10.06054749062471, 10.117902917970135, 10.564171808149265, 0.02319798071168075, 14.754702040378723, 10.945520455118363, -0.9868148785841988, 10.36405039740988, -5.177598505104405, 8.248689950480987, -3.17799717960668, -8.707913190180655, 6.628363414043562, -13.18565941062458, -6.146858703154358, 5.439459210774886, 5.069950816136018, -7.542875355463968, -1.6959251939012767, -6.783311161262077, -6.576576769108203, 8.02693750882644, 8.704484534366511, -3.1209357562178788, -2.470281809364062, -2.1980612806871376, -1.318855256573356, -4.007973864517222, -1.8385926634919787, -2.7090193898431316, 10.56260323606931, 2.0551188053469684, 0.01677125650373061, -8.86939886675981, 8.803012841965806, -17.637157038318044, -11.647809252846749, 7.17198950629691, 3.561323421817453, -4.29987120638115, -23.40576975365784, -1.495764623372093, 15.954738547903698, 8.628629308608478, 5.928237780518623, -3.8594079459288424, -8.582611982350542, 1.886964831933853, -3.469480573842117, -4.565292085045391, 2.857322234182923, 7.505615554422017, -30.274748573035932, -1.3781311881083271, -8.248830770742543, -8.648453797822873, -2.2578789524997047, 9.503312427337503, -5.878433644715054, 12.471543530209393, 1.2119299040627736, 4.649094395891965, -11.709040343166217, 0.955313591565444, -6.822415186733361, -10.821325218886075, -14.096174254094795, -0.9651988811142105, -0.32526837310996987, -1.6097898016193302, 0.12255471110081172, 8.58877271734844, -0.45752554326586337, -13.581265210416857, 9.557768493710366, 0.03257399831432912, -2.6754177909056334, 4.903664683991177, 3.5883040185308253, -0.980997650517246, -7.558889431053727, -14.983507003482181, 11.161224921055547, 4.967578019835249, 2.8123061644896294, -15.46646499644064, -3.8070066320356433, 10.099425041859, -9.114676551705113, -5.5835052389028155, -1.2439628470052102, -2.5950380887273723, -14.913318819899049, -5.699836601029292, -2.6616648856759446, 16.717793388949968, -7.434237363116074, 3.7225993329154687, 2.303597590481894, 8.852663713027114, 10.689615845897663, -12.422545044448107, 14.037982403806545, -11.96832148061288, 8.52114672207867, 3.3129497468951525, 4.205664810427448, 11.31527951490159, -6.796762146498231, -2.907248571130278, -1.3037639534655776, -14.200926752710512, 26.72893371605511, -14.522817156713772, -3.9134048614757475, -2.898143510631411, -0.9645853364120348, -12.083336726891469, 11.230951097978707, -17.32272354289156, -2.691075980815287, 2.880063689125073, 1.442578340999629, 4.584142886999872, 3.7121790500267573, 6.727795128629852, 7.403433239412575, -10.022142207017342, -0.8562735748782311, -2.6539765957133348, 3.7980847510047298, 1.649602286524686, 4.684285926727014, 7.611293230710004, 9.748772265622224, 6.473533122284197, 1.4408059182998834, 7.492484568981492, 13.207737852959074, 4.837555251751558, 10.412720628427405, -8.11832474103925, 1.0501964350038058, 1.1382816972302023, 0.5257304929877162, -0.7588750918458946, 16.225498939502703, 25.01947180238541, 13.927135970641729, 3.310891396830389, -7.03819617281781, -11.199384662164968, 2.3445659937467176, 9.27559274063092, -3.5472580946228507, 5.753465822623665, -2.611409932688049, -4.301452611586466, -3.6592474858725526, -22.120307448243462, 11.261890862414647, -12.521309975381303, 7.73235394033021, 10.584800278906226, 5.824422243481701, 10.856023622326132, -7.276816547736126, -6.519931214058963, 3.199836661089794, -0.18853364103530731, -9.451124657865861, -0.06414004053279232, 14.841615975503018, -11.65799234514697, -5.693092977458881, -19.260681034879358, -17.338164419204038, -3.7992300412963402, 2.2742006036901525, -6.359322037586138, 7.421667060617351, -2.5402481199019524, -11.093764572911585, -2.8208917245892273, -17.76274603565991, 3.8843670526717613, -4.614800138000556, 0.21491634106838353, 11.710158218612687, 9.973443382338184, -4.725204621146847, -0.5104847606809689, -4.1804984677200485, -1.9554068536794535, -0.06787895082376821, 7.016511446286804, 10.944184299296804, -9.253672400895603, -21.931548118421762, -7.4261927762264675, 4.193008255330778, -2.88048011085077, -6.58381994644145, 7.704250957684845, -20.50220817523848, -2.5758772486300163, -8.722633904067717, -3.4077063402496237, 6.6746756031730285, -1.490986505307407, -11.602670938972313, 11.261195495803898, -10.072802596456846, -3.3737296122923555, 0.9383505551468043, 5.111575381457196, 2.5703139429605013, 10.580190343015142, -11.932035789642548, 0.7217499748404713, 0.6454218747389118, -1.536126551078929, 11.322216921936649, 13.436911857764716, -10.33451202525162, 9.939899755474617, -2.847012049659848, -8.08019883224827, 7.195224716052659, -3.784331331827114, 13.320429697546444, -3.6311293980425314, -22.93838875029595, 0.5402917033315885, 3.0560250690539177, -18.282964057520864, -10.101459247823087, 3.169486797578144, -21.935301176941543, 9.714372286092471, -4.006431013006268, -0.9441665974989348, -4.171485073970256, -7.192148723353887, -9.410959428049754, 1.3286178932431743, -4.805324235860578, -5.570955295087106, 4.524672936835014, -9.625116331636127, 1.0279987801097406, -15.600013667225028, 4.5047781706789864, 32.04079692439887, -0.9654565602471146, -11.706524409145292, -4.5258557265569905, -12.95874626406104, 3.509437711439115, 4.442406689281708, 3.279397287044262, 7.383114761133672, 20.158375595228854, 14.317449586156622, 0.2584564604803384, -2.5699454376056603, 3.1050938576193654, 15.447447108365264, 16.294071094410953, -7.4759741663797215, -10.546833933776044, 3.158488162988796, -11.776227198479958, 7.240685411344554, 4.0331949224411145, 2.6498150896566015, 15.438515389258797, -0.44719208401993893, 7.288280495197841, -2.6136238652305064, 18.420511275021898, -7.546466940725001, -2.6602031915342055, -7.955281509400972, 15.660571004813974, 12.864689001300242, -15.324755840679707, -3.202328055393917, 0.5251412207311914, 9.842567902398917, -0.010392994069705994, -1.0321282013105786, -5.511438347493208, -8.014232382146954, -3.8157659777029065, -10.56504320872018, 0.14935364330852835, 14.923856696616891, 23.54043547132466, 7.724168960948841, 0.028751001015888206, -8.962211767377847, -6.728102040361225, -1.4315543894625435, -0.28275359902612485, 18.329026419989678, -1.401800695256419, -6.318327569672755, 7.546831161677683, -8.770071803464301, 21.12232716373401, -2.70797321572563, 7.4477727005253085, -20.701240613699376, -7.354522937165573, 16.798976638366906, -5.727173276680948, 25.09286034621501, 7.87028959608938, 1.1653957650312032, -6.671823207939541, -4.958569595405512, -2.409788491308286, 13.049619578888015, 6.651251852726176, -12.011425666492007, 8.69845309137271, 17.676799505737712, 3.805111484812808, 2.517554007142527, 11.766942748597904, -1.8624224192040482, 31.26879868789111, 18.40001993390253, -5.792925564904298, -2.725534894188828, 14.149835418678181, -12.240759593600075, -12.07400698534952, 7.700620573056837, 9.253682101058633, -9.667591202145264, -9.407719200073105, -15.85212362577692, -18.53398990122996, 6.747049120457775, -0.42059725461267583, -6.597384213035627, -0.8317007807783124, 