{"fitness": 64.9, "name": "Nathan 206001BAT", "genes": [-10.312742656564696, 11.046641227226237, -1.2116197520813445, -9.697097948722792, 11.646263951079838, 7.055243169789635, -0.637619598032019, -10.835403676553916, 19.83600505827876, -19.195906727455654, -17.16238177764262, -11.020224518810126, -5.447132378385351, -9.99977583750182, 6.002603624350385, 14.230155598016536, 12.076029114339855, 2.6042811891616684, -5.721574584338078, -7.809389049881833, 13.882523756717424, 3.6517477505790503, 3.6654711365505683, 5.9486070026710225, -12.225290943743133, 0.5696922372254005, 18.60709299187391, 0.020310958491761146, 7.583166208144917, -4.709080494992275, 7.108534998423557, 12.971797935825919, 5.20828031803985, 10.834459988467474, 1.6910478899563322, -9.952483557451243, -10.818189132143393, 8.117672778662529, 4.114596543290545, -4.002209385982992, 14.121529016618346, 2.9139504692963745, 7.104060653256461, -2.3716896936870437, -10.052813497023575, -18.788583105757187, 4.75749874957803, -3.5016240338279427, 11.032900240012927, 10.656396264190954, 10.518517381834991, -0.30839931690135386, 14.036034354647594, 9.830250582890908, -0.27685383072722036, 10.827330051635414, -5.022622472190437, 7.771402425320558, -4.272813251612316, -8.564334803724575, 5.695350568221054, -11.248314663887939, -6.569317767652398, 5.507402426785357, 4.730513988112644, -6.987182903360874, -1.9041149989772215, -5.807917033880981, -6.948925679568495, 7.583983904263569, 9.806857171011233, -3.2175654917528735, -2.2293075192807015, -1.8136908672250245, -1.244177913175545, -3.9772512847003143, -2.286904579945204, -3.0390203356818577, 10.877488107804009, 3.5234096164613207, 0.23862849840437939, -8.448363224619095, 9.457874735295228, -17.45302312324913, -11.514039324269557, 6.1911231080281635, 3.3508762255041873, -5.072875031910597, -22.01327319138072, -1.8247075445834762, 17.225031141679587, 9.264515373418824, 5.41690054871777, -2.6163130270777044, -9.482659358649602, 2.6962838035165007, -3.786573617505441, -4.826516396607834, 2.6668855770035855, 8.709753281297573, -29.56756224622853, -2.0529747377875482, -9.345878523198515, -9.342468244947185, -1.359366842153837, 9.879467384613456, -5.895209469199244, 12.561317413666613, 1.725208817073871, 4.251769966458025, -11.027899419523905, 1.727771039461903, -7.648874244337396, -11.009982789896183, -13.147264254620337, -0.2189715817415489, 0.7261123208818683, -2.397627200879741, 0.14081857255242552, 9.249749538805265, -1.1632069623611518, -13.031962855296875, 10.088989092172149, 0.8094866455473215, -3.0589118998479767, 4.99004898984297, 3.9872525174914006, -3.272973990878277, -7.918069069243724, -13.456394038585676, 10.864715184243055, 4.957195985168404, 3.1497548947022165, -14.914424391038738, -3.786361232939844, 10.715801083199525, -8.727151487385502, -5.818156655155885, -2.6407991622743014, -2.8239521232983185, -14.94057965887016, -5.649158995477025, -2.5708098162685995, 16.66504872878567, -7.8245822085161585, 4.420323237885052, 2.3019070068052487, 8.768426208854313, 10.719026670964523, -11.352770866857004, 13.184416460660508, -13.483249147408989, 8.271835545886315, 4.599510189204093, 3.79299127420454, 11.517173500160947, -7.990087886107685, -3.160522371125728, -1.3564939457926761, -13.53831085453335, 26.679741645601585, -11.815779174770809, -3.494917983548893, -2.865061432225139, -0.7257521426984499, -13.064354272326275, 10.517336457990375, -17.797522079266628, -2.2673110927403766, 2.811143593595682, 1.1199380598338537, 4.921433177305643, 3.3610027374105993, 6.22382451036854, 7.340202069910058, -8.799309973709134, -2.490214799865669, -1.1686527708495675, 3.2783518755107752, 1.4077092279838004, 4.464260512791423, 8.035405158643462, 9.560869706870001, 4.918239567794934, 1.9415631527326975, 8.117999399739018, 13.131563982076734, 4.553083343924771, 8.385078833230295, -7.763091145370582, 0.558482937077507, 1.029115767415887, 1.2688917843541405, -0.873519942285573, 16.149871233071604, 25.119049609095647, 14.492797532379381, 4.1114043171235215, -6.347169274559969, -11.479808503687197, 3.031083601709816, 8.89895865707256, -4.474938719992377, 6.956516844381793, -4.028266827300961, -4.386949214676227, -3.4704763124191733, -22.91258201255668, 11.032059173114833, -12.200398908312254, 9.120501340668078, 10.030182098246556, 5.173103635299515, 11.996041039302002, -6.082421617368761, -6.905746056784226, 3.570652239989502, -0.0369736653467584, -10.363274697338426, -0.02758174036468984, 15.33836898741125, -10.625509030509871, -6.363384278526676, -20.324958115386416, -17.253474280272606, -4.5806546512041155, 3.9852143674792444, -6.484029679381393, 6.612837595457275, -2.106435577164989, -11.968487209233695, -2.199249965501181, -16.53734063732667, 3.9278075905245187, -3.458015907536092, 0.9289979299337104, 12.482253579635938, 10.660922842432319, -4.8573125226735785, -0.6659847851003634, -2.691089575005799, -2.2621349791370484, 1.212555131550248, 7.892297041897651, 11.280522086344632, -10.459120945809486, -21.915566189572754, -6.820449794091474, 4.452391309187136, -2.5404056156897528, -6.714943759020306, 6.948778868720473, -21.071889775916002, -1.936635614050797, -9.53092635781425, -2.462608503263391, 5.306633481210566, -1.7722671347428485, -11.471015151661028, 11.410819163589341, -8.981079574710966, -4.037318479448792, 0.9689860642673364, 5.803272371766683, 2.9694018146080774, 10.824409344286401, -11.50287499005776, 1.3749658337837554, 0.959657018493948, -1.0825996088090124, 10.827576358801211, 11.944242511987046, -10.784324821557659, 9.669834985434376, -3.8988175105826577, -7.3265996093856565, 7.787489898233741, -4.0820345045040005, 12.195648751363963, -5.501669284937535, -23.05903345051999, 0.6518574222273006, 2.4036272912672305, -17.044152257418773, -9.455239608809569, 2.1734647642681595, -22.5219516885453, 9.50191817619136, -2.538194581289522, -1.770835079365554, -5.190390260500742, -6.176383368715681, -10.027469879960996, 1.4133531907697423, -4.912821936730346, -3.9831602108523905, 5.042862712295251, -9.121440136385974, 0.752741309614873, -15.13120466336953, 4.079026294194955, 31.958631613554136, -1.7669836730442012, -11.762932144311781, -4.912791275171102, -12.241833217689, 3.0006809950424467, 4.7736547782761285, 3.0443167633915027, 6.373655073288107, 19.835060622614304, 14.201220672022169, 0.1603735412235357, -1.726045056710848, 2.4321654787981317, 14.318439230081989, 15.545965883564323, -7.050806489147352, -10.481228787315938, 4.195981169051564, -11.93014191534684, 7.698278009054458, 4.603782575433819, 1.9293266141142034, 15.759007991471599, -0.31648582062956804, 8.881752668904557, -3.4088378175831533, 18.355015742668616, -7.15261906580963, -4.683397259893886, -8.843766054230256, 15.095098801348845, 12.948972026234944, -15.09357478195868, -2.079856224114457, 0.48508752270057076, 11.15529531172055, -1.1119286308738914, -1.585643456520751, -5.545700493952272, -8.358932041123264, -3.5880417612654627, -10.267971202494572, -0.28586451972940763, 14.88417637808126, 22.573918641010497, 6.957368288086251, 0.9706368588936608, -8.598498183550788, -6.8091726130122, -1.6540958527040106, -0.9487832659724913, 18.054088545181425, -2.255807285788155, -6.543473267789975, 5.733466946413052, -8.33585779075723, 21.250006907376413, -2.8952638826364616, 7.472561252198833, -20.972044973154812, -7.238754018021045, 17.14600157668405, -5.892870223906275, 24.29211273287742, 7.864185717271399, 1.4284883858303616, -6.947983393288433, -3.6894781917346164, -2.2381580243531487, 12.727673246166411, 6.8662209040130415, -12.46058877602646, 8.52577717623124, 18.10352597514763, 3.0649139557094274, 3.411809893706835, 11.782901885037472, -1.2574466405353426, 31.71232117748133, 18.170516802378483, -6.139900857437904, -3.459783717943842, 14.119107993682437, -13.37173487918065, -11.174590296641828, 7.727236081654671, 9.239707817791283, -9.16198523539082, -8.7346282003954, -16.37942733510629, -18.864250991557288, 6.53866831599196, 0.5722556411266138, -4.695635528721091, 0.7183410573339878, 