{"fitness": 134.6, "name": "Nathan 2591BAT", "genes": [-5.4480686115095835, 3.860632225659548, 1.3904261653507348, -6.692415036193638, 8.36935697824214, 3.2024488676569227, -7.723497133260184, -5.999854026557384, 14.480964093726447, -20.372650068055247, -2.9495253859725024, -4.5245995040201565, -9.534857621942471, -4.79129737108208, 5.357242730484835, 8.32139143749829, 14.513185932360113, -0.7214561250210294, -7.52019263760722, -2.455057397399818, 14.482141578182308, 7.088607417441731, -10.769567575182034, 10.27927224368446, -10.297145617784023, 6.665583523537837, 12.962149245060129, 2.4247551393047564, 6.489573113109519, 0.8332933047511729, 2.4247761033141493, 12.745219586775422, 11.84566746437656, 8.231096233083537, 5.2332796982752425, -7.17313652790502, -15.607398767374287, 3.2640987689105323, 1.578156079186512, -6.749415642499292, 12.241364611521549, 1.236832153603705, 0.7846023128558433, -9.392611093900536, -5.977854568777864, -9.899061721114249, 6.341277462385714, -4.676383686948371, 5.102830219777967, 12.324657768059437, 2.878862410855821, 3.715488886940102, 3.8582819636947208, 6.209858690381774, 5.979017265974585, 15.525931192084197, -7.488351934526159, 7.516814724364725, -1.4459188836843635, -0.9517977064881666, 9.701139506508094, -9.646263883402733, 1.2701771120006746, 6.882561864398353, -1.4119444363997031, -8.514368626589185, -0.8987850147130794, -0.5162278194643172, -7.68137795346312, 4.8675585877389835, 12.149947802533747, -1.1916105794291212, -5.666281801720809, -3.5250807448931236, -1.9029721548134222, -12.17468371595545, -10.176261341926995, -0.730688183447932, 10.350651906093963, 8.930069574331341, 0.5521998456021311, -7.90654472779869, 3.5777369806957955, -10.252773288710461, -14.057908386774663, 3.2593967932798114, -1.8944165382161227, -3.8791024240056577, -22.165144306861663, 3.178433741000167, 15.441667426112128, 14.307548278987733, 8.605256170886912, -1.6014681145577083, -1.9416632744790137, 0.7903887654659731, -3.079932016576946, 0.34982719731589285, 3.651803964467717, 6.227964216543066, -21.085379067991273, 1.1932363295737953, -9.769544963205709, -3.800611190840738, -3.888732342026249, 3.4289412284937995, -3.2535111382660005, 5.6044376337372315, -5.099667658253108, -5.374138532779862, -2.8735733728703705, -0.1114701852186189, 1.22338504654708, -4.484723970844063, -12.576503040961615, -6.249127188142566, -1.500992758102154, -1.2799558830339126, 0.734600288583662, 4.298704086606154, -12.018703816070538, -10.764350855964967, 12.57604983496877, -3.1016916095906257, 0.6950148003989133, 2.4861372746070844, 1.6088863300740963, -7.280565278922895, -5.717254240181874, -12.83181588709847, 6.597968409867025, -0.44511876181239235, 9.975627402689025, -14.29827307665189, -8.0695264154066, 7.037867202937864, -8.856738115854398, -11.317720477831893, -13.828730934944948, -3.4247228249014343, -6.354837243086218, -6.100917113154735, 6.587752479103449, 11.556286742739976, -2.2712946429571694, 3.8936145504154895, -3.4527878127009024, 0.9445247392143605, 12.026794473525813, -9.386357770255374, -4.177206188094508, -14.84275938895876, 5.7770273047432825, -5.785758777330891, 4.3177608971424855, 15.898343134142602, -6.82025883778945, -1.9755498928265538, 2.403946181121129, -1.7923641361011486, 22.08345933324898, -1.7756042943653811, 1.3424687795882368, 3.3099119994507302, -2.8799039872575833, -3.648201830391106, 11.197719281460078, -18.55577476427791, -4.74635856414476, 3.724694913592386, -1.388415727822982, 5.471372401947642, 10.359076168717198, 13.488858348065328, 13.135701922434013, -6.646969548822363, -6.639032463214374, 4.231785735278372, -1.3207646591010167, 2.6139410140592596, 1.209197296637177, 5.021421337227798, 12.680238486411563, 7.28542088777591, -1.2045882518210704, 5.1044630852420845, 17.972058039884324, -1.2397675045428667, 10.967820414029374, -1.5246931152256638, 5.573251676301733, 10.765762940619323, -2.7935759185968356, 7.5828054907180595, 13.47258830621636, 21.359669239583024, 17.633075084381115, 3.536069021021049, -10.78122989817282, -7.521701137941196, 2.2187805579844726, 1.2068830249659808, -1.4430467062091523, 10.988267300289433, 2.5169764954662535, -2.5903427924035003, -2.668509750294773, -20.883003955550738, 7.140202046813848, -24.13946492215817, 10.240792053806972, 6.123028794373855, 3.4079205704178723, 12.600098358308752, -0.5922810403876261, -2.649400595851735, 2.036236719074456, -0.12052889100675995, -2.0936590715581826, -5.395020256688013, 12.576344825225442, -10.572346476786054, -8.848296696366203, -18.198347206477386, -18.253701108733765, -5.963253066277351, 6.96971162554339, -6.668861949818198, 4.597792763121022, -7.775973247626012, -12.072687478543028, -2.394099433523586, -14.562714633752885, 0.17322160600785647, -10.275912450175284, 0.7444378281170826, 14.474828876874845, 14.120541768661662, -6.478432866040048, -4.337708340146471, -0.9898377181413969, -2.4988580052542657, 7.21178969144932, 5.375189945577674, 11.589500297938336, -7.801068408541112, -23.168859851967852, -12.54417004405013, 10.75594595771643, -2.0292060771818785, -2.1656234020249316, -1.615915352975086, -12.969360058318967, -14.015326844396089, -14.383344333719371, -4.6956395293004105, -2.8368325480390424, -5.038050749277418, -8.96095538113842, 17.78734756169751, 2.0576468447601557, -5.4296268315382, 6.134420214288286, 6.026427103267064, 5.018576951334543, 10.328297683371058, -7.624192053389342, 1.349470018046511, 3.341573820206714, -2.0242520223658276, 3.88856548128255, 6.666365130469948, -7.792613283173572, -4.112273892612084, 5.086014945014711, -7.818106624502173, 5.693138089639412, -5.839016750292681, 12.08230330195978, -13.620870378605616, -18.736889046247278, -1.527357489945845, 5.2561391328162586, -17.066188020426658, -9.080057575533592, 1.213860671337392, -22.795060319059807, 13.421845750342015, -4.8861245879957815, 2.247671471963518, -6.571024811819973, -3.5199884741878593, -11.003864821043342, -1.3481571369282312, -4.43310957813852, -2.609877734163109, 4.061889407961921, -5.375031449546749, -5.959638092744124, -9.678183457654622, 5.092638400905106, 24.729799385697564, 4.753911153603733, -11.606844966960727, -1.9792763407716207, -5.549075199326104, 10.26786226437125, 5.452034022996124, 7.865602160505568, 2.845829196278652, 14.822761426931036, 13.213238323051225, 6.2108125228819855, -1.0965958994480558, 2.1986931888065433, 9.476652850224806, 12.843075382144193, -7.046767620199339, -24.242918123475548, -0.14853062841181258, -11.124359193311241, 22.419770479749168, 4.898528709119659, 5.4626003044161076, 15.640930727490387, -5.217423957083003, 12.12970339667132, -10.669344877394725, 15.981819276334113, -7.554538801715932, -5.0323272626674385, -7.147127206319098, 7.080921537808523, 10.23773735728567, -5.529113794102537, -6.207447602746648, 4.561981698502316, 11.494642898592307, -9.71465620930731, -4.463490567249406, -4.417909227814472, -14.467876625180857, -8.978132328561419, -4.9739366251431525, 4.06827900525048, 17.490243626363235, 20.56196833566914, 9.57943766322, 6.0658440369692395, -8.67300537979145, -5.729006620431527, -2.0782799121016695, -0.520902590818938, 21.178206759133218, -2.765458038341383, 6.256845371006935, 8.448573755389889, -5.90537789666155, 10.798179507852991, -0.21952307057376866, 3.6255726478798675, -23.425243195126363, -5.202861928313225, 4.599048867347289, -1.7925883375574605, 31.204167338622945, 7.014331161246755, -5.469120697805739, -6.455911333710958, 3.9740156901934878, 4.17921500753221, 6.732314489977684, 9.60304993858288, -8.984359394402471, 9.1682777914328, 16.454864027296626, 5.910742833389576, -6.465941360516159, 9.953055297337338, -2.819475212108332, 26.82235150593032, 16.742544576707015, -5.173211357627006, -3.508355889045094, 13.991815558006792, -7.383643159316456, -9.197563483819533, 8.351639082834266, 14.12241768240391, -10.479991347367537, -6.636502954723288, -13.865448801391574, -21.36050893290849, 14.206150947864064, 6.219368523581037, -3.8802612337356597, 1.6732905854416615, -13.512423598724501, 