{"fitness": 134.03, "name": "Nathan 96BAT", "genes": [-6.780381775496775, 5.314927140507601, -0.12629566998905278, -8.675559660112734, 10.43661871414299, 6.937526203531593, -4.070383747179018, -6.117500389433259, 18.678214826274626, -18.92949388794161, -3.489258395045774, -5.9992422298562635, -6.597113813231931, -4.8788959247596555, 8.024960429917089, 9.351756108342059, 14.94388049899458, -1.7305100292583808, -8.613805282248224, -5.8557200566061045, 10.702371429936854, 5.652659976987681, -6.60328158704754, 14.162183780257408, -9.418564374255045, 7.071527928301523, 13.772570272739406, 4.822157416475385, 4.946441634196976, -2.5185013504146214, 5.118176516051961, 10.500207184473972, 9.74676938335962, 10.637470510627109, 9.13446550880049, -7.170804417578154, -14.736849849638517, 4.610525908414121, 0.021182456766275268, -7.576895734791457, 15.053198200059732, 2.489852062832644, 2.3571598991947127, -9.925644375841, -4.345191412436164, -13.184482550527783, 2.945947075097186, -2.963756783236311, 3.755971185080954, 11.64132101697416, 3.3274689763390493, 3.4172499705401287, 5.523681186173249, 6.254544779891732, 5.025009134689332, 13.283656565035763, -6.426530756963435, 9.303863066243403, -4.576049236200266, -5.093388740641984, 7.172382917075789, -10.479764269954744, 3.102550746529394, 5.277062865389223, -0.8026058776852306, -7.044150883678927, -1.9886583281145636, -2.4988415885324162, -8.388191572922958, 8.465581306852, 11.493153762161835, -2.5228419874057084, -6.838304514474291, -1.2282020802961973, -1.8507799058829875, -10.25213195816429, -6.875518377365484, -4.0982616484787275, 8.488823582596421, 6.0418877471594525, 0.9511616381200859, -8.826293646349741, 1.4691897451713003, -13.864972118327003, -16.850357967036746, 0.8545095786666824, -1.555884851242573, -3.4892314771608084, -23.14273589610509, 4.094673215675494, 12.445572233487987, 13.728982878589887, 7.47394404228362, -1.8055300245050745, -1.1289263978132267, -1.750159627019921, -5.689983255981923, 5.07872212934626, 4.693030958080475, 6.229609854693834, -22.274865285446445, 0.5758836478794634, -7.3833051833889725, -7.480572705462352, -3.556838538198382, 1.6633808417580271, -3.44242640640493, 7.266530462484447, -1.3385668781238937, 0.8574113194789188, -6.752310828864401, -0.6885986232726766, 1.864714590152554, -6.096482510924759, -15.26625848432193, -6.891782278343304, 1.2683018815307248, -2.784051711774396, 1.6867411450408005, 4.942783010773223, -7.716025600339332, -9.147187836133918, 12.920887521247325, -4.532913152513602, 0.3236950359496629, 1.7739215077759412, 1.0478850074603105, -5.843403482039248, -6.88794870908274, -16.60276917287834, 7.911259803995936, -0.93433472224605, 10.129969162260652, -16.170065612687125, -8.211663403841548, 7.133580829670946, -5.932858185164115, -8.901561103401407, -12.114174814685903, -1.9979098196713037, -5.117980989148567, -9.469851617148338, 9.410730815002523, 10.112432662340582, -3.777443307982756, 7.619283463026061, -4.7882840779443505, 1.0347607152449865, 12.381545747114824, -11.527414408482672, 0.7905595996448843, -15.980086741048511, 5.027916383685158, -3.9633437298603718, -1.692277245578144, 9.002882396467006, -8.425369111147564, -6.210407130521077, 3.2372368155732305, -5.130170755881453, 23.171270477510543, -6.508194622524663, 1.2422341147229066, 0.8638915605642579, 0.15315916515607197, -5.469747320922793, 12.83152453375683, -19.67767495010198, -4.952237978800586, 5.144074164286423, 3.001173690385068, 1.999553060302775, 9.114380278766514, 7.59268649767785, 12.504232716830172, -4.265084107174592, -4.966523270859678, 4.873122326113287, 2.6901494244396957, 1.1710229604031008, -0.2148810384758026, 3.920053556208797, 13.151427513624384, 4.4006079588164555, 0.36794277946664455, 5.329686602644319, 16.36027534323648, 2.7694571531000403, 12.906420183578934, -6.103758930138267, 5.059953764997983, 11.037964797981573, 0.11566611509993974, 3.1031544968335756, 15.98488263940017, 21.898236655167338, 16.610706059910342, 0.9143190788344793, -10.539621834775614, -6.036279182491866, 4.055362877569049, 1.7603319061097418, -1.4146993913928552, 7.525391325261203, 1.526970674925713, -3.237958971107549, -3.643242181638855, -22.0541782875398, 6.490517367312728, -14.844426445011432, 9.092691693982571, 7.56794500078284, 1.2311483003336434, 10.341599952243202, -0.9618167255191072, -5.09440379738653, 1.377947123790507, 2.458345626006753, -3.26361503162433, -1.2191515357553988, 10.370201072848165, -9.336139475593376, -8.896317995119022, -14.376875341239634, -18.068159462405255, 0.048993086463803126, 3.773706047011757, -5.2031657571667305, 3.792130346687816, -11.166013146732105, -9.367690460187324, 1.698098265124067, -11.684974644083983, -1.3327170983062606, -11.2615659383899, -0.09462683461864098, 11.25533183742527, 15.47441191364359, -6.416847808069648, -2.7203255860052926, -0.44562525753968196, -4.852016147700974, 5.8328630590998864, 6.406338280433294, 13.840796257289215, -5.044176744969227, -20.633794737360894, -10.37982119016933, 7.761791619788665, -3.8527832209365744, -5.5117449982512365, -0.07585852980646099, -13.836063080905356, -8.506068447704205, -9.971248459883705, -2.1303440345292404, -1.8232600499914675, -2.161249926781468, -6.382033437507052, 17.83168886195963, 2.0458770424760773, -4.457113509852487, 2.3118777467912373, 4.500151781601258, 2.445655622347402, 10.207947615880435, -9.221255952499071, 3.967936274046292, 1.7377125810472251, -5.681942561756891, 0.22318313941012413, 6.920967948463268, -8.844039219362053, -1.5170713793581265, 4.14707562297132, -5.29947751117281, 6.459448230301313, -6.616889073902461, 13.229607973231095, -8.605752148470945, -19.437030512358294, -1.4614596631161154, 0.641713433195157, -19.11633533309234, -10.36005017811339, 1.1700337769578548, -23.636094360158417, 16.018060821385298, -2.4482674123015062, 2.078030880803744, -2.3116175627119557, -4.143348993339351, -7.699030540031922, -0.4847980785478922, -3.3730979215537875, -5.566410575846448, 3.853054149948748, -5.833248626353168, -3.1251275537058354, -9.556222481859946, 6.636811229944506, 24.35913732238406, 5.60109688423083, -14.37526598123022, -1.3644451663884676, -5.180221872143864, 7.999560174401437, 5.2690122830642245, 5.068233410219892, 4.223375395088617, 18.240733289639092, 11.640146332307927, 4.4566754581210155, -2.34669811728893, 0.31780407162841456, 9.454376957557997, 11.641377813519803, -3.872981651973494, -20.586314429098167, 0.6404452792512092, -7.276233424790361, 17.036982487977166, 6.034398018380551, 1.555105100734687, 16.273868384898226, -5.401504349622564, 11.384438159475938, -7.805324817785134, 17.936368915548048, -5.391974041521566, -3.14886387449107, -7.337562552509947, 6.719297615404827, 11.31490419687539, -8.556460103439486, -2.700841850222205, 4.207795623736147, 11.258798653220165, -8.487070982114819, -5.960699620346121, -6.984668218245741, -8.12156344067436, -8.043815384919002, -7.4048763352891696, 4.863782416007345, 18.13505048426626, 21.39533454062005, 8.039257056634632, 2.705248734972787, -6.537898714734168, -1.5203583718488942, -4.566432613771075, -0.41551214423317495, 22.758913555983415, -3.0208312662154917, 3.7997324900298035, 5.780384709446261, -2.690328411740124, 9.701862246317733, 1.7347612147492653, 8.903836137974965, -20.84045162562861, -8.122738211812322, 8.40808298759446, -1.3505158331611993, 24.70606023477307, 3.8733109199292, -4.345142797221587, 0.7504241861927079, 5.9305124465204235, 2.7740009490698756, 7.176107921417915, 5.1579623710581135, -6.23185645926816, 12.31155921501603, 16.4638229093852, 4.4296504698665435, -1.8625106510672393, 7.921241754689333, -3.0888757286212627, 28.500834111525258, 15.916275891305665, -6.801447529852981, -1.4378247483160058, 15.277546027281542, -4.990030063181453, -6.075286631667133, 8.832552327483457, 12.136067047402207, -7.481079516008254, -6.963788922424445, -16.940556493307128, -22.556779154723674, 13.350188015788579, 3.1436797266040246, -4.333219538255652, 1.4461608712697576, -12.375004087068586, -7.896297719794359, 