{"fitness": 140.86, "name": "Nathan 6034BAT", "genes": [-7.869918433409772, 1.0287070236647275, 2.774220325146277, -3.529105643702872, 7.294007177843396, -0.06603070328655575, -11.514082405363558, -4.661900701129569, 8.995193040645837, -20.493831621874985, -6.340712817147531, -4.558922346451723, -8.879824737523325, -3.195016775972689, -0.4740087761235956, 8.121841125273876, 10.016436064038144, 2.7859595110782185, -7.22125865471456, -7.118929641191349, 14.769778899566212, 4.391854071240724, -10.27020243493009, 8.643265516919545, -9.446986344001157, 4.468789856151677, 12.862226045687398, -1.5754702791284876, 8.953994164648167, 2.462962578297257, 2.6699437868527305, 10.23493518226215, 6.520561152710896, 9.45342641373214, 4.653817654504922, -6.770692460188927, -13.33184991888315, -1.3985427515114541, 0.5267701076614943, -11.141173565338018, 11.369812526471016, 2.5423405581847165, -0.35535144708476424, -13.662438773675795, -1.9906825760218065, -9.912274429109035, 2.4652649393419224, -10.445740685489772, 6.37103197990287, 14.524119696072809, -0.6459424702126007, 1.627648391701588, 5.128585494207211, 4.725822257571064, 5.328910933884251, 17.90068597866675, -6.439267901703831, 6.8465336002506545, 0.8514987685586608, 3.690826810046735, 14.044949616289417, -12.418254804382162, -3.854626986929477, 5.1703107409794615, -0.2152725873926633, -5.097616810305277, -2.951937207031631, -0.23721127607973042, -6.9417250446957715, 4.437664035632994, 11.156687104850207, -1.0564573217444038, -2.7100973566135083, -5.346988948338425, -1.0349200332222213, -11.688898747141712, -10.080994219145877, 1.2851404945672038, 12.333862417765971, 6.803462201267775, 1.8393057939050013, -6.812314593629035, 2.306208592635186, -8.532117720935958, -11.176083111519102, 3.6965833909584314, 5.980294507059599, -5.183895834662951, -24.503851799640106, 10.660320022111714, 13.325738883678016, 10.575046583088566, 7.165332185007347, 0.04896516105428472, -3.117817592157776, 1.776022973445784, -2.1440220881409457, -0.017232530537634405, 4.134824561952464, 9.056409653433453, -22.458519436070585, -1.5342120049198549, -8.55776293540695, -4.34946160885239, -3.774932598400605, 9.732371733150062, -5.960306263533189, 0.03427903907657692, -8.099317815987222, -4.91441809192215, -6.859817592021316, 0.38330082260177833, -0.4680573068591817, -3.0703894034612427, -13.316208432960684, -11.93943813101652, 1.4244151924761024, 1.7252971755078408, 0.9347680537142364, 6.924956727904375, -15.027823714678231, -10.558260541793327, 9.846724652164387, -4.04834024897281, 1.8984912543374537, -4.224021020451808, 1.0664897992980857, -5.2603969993578765, -5.5861020129273165, -13.177262999485396, 5.598497300344451, -1.641997519723673, 8.820276240244294, -15.369858078423894, -15.930644549275806, 7.064640661983788, -9.977331855995631, -12.600778058962906, -14.100075917075198, -6.2235514905736355, -4.905829662527847, -2.5249466599149337, 2.743167965974165, 12.634395121352288, -4.313852147282391, 8.08061029389478, -2.423659827792522, -3.0865865902770606, 12.185680360058612, -7.718555784517328, -6.082880768918369, -15.990340453056843, 3.73306159813267, -3.2068992959149063, 6.889097962508489, 14.16111475092002, -6.96610770218357, -0.8727547326317451, 2.282337527003813, -4.098670195944993, 19.1149548884497, 0.10810610712955876, 1.1427627829581417, 4.4887105010016, 2.4232626739874705, -7.233714448119618, 11.11317375850387, -20.2145896518503, -9.133447591690032, 6.499053701017844, -1.7604137324453881, 7.855553191495543, 11.73421425142373, 13.705629984111038, 14.206872362991732, -0.5012528899262922, -5.911695071879484, 3.878599882646396, 0.3461991255040207, 4.32121633212239, 7.417326212534164, 2.4286271360209444, 10.05734240478199, 8.390709754887961, 0.011754739561439298, 3.864023303046768, 21.58284688434442, -4.100011581259491, 11.99873188324344, -3.2441566987765897, 3.6088834734738118, 14.934855984847914, -4.572155582789687, 2.5501258581069575, 21.984160122747706, 23.34878069313521, 14.804822050550424, 4.892615158557703, -12.226745261445103, -7.913645926415718, 2.202923245487578, 6.773159346400934, -1.522033493073955, 8.659752590193007, 0.402228691287397, -5.077653050279605, -0.1171164128682976, -22.49465114514133, 3.6672413124592405, -24.97516002477755, 6.637557547418558, 4.525913356804963, 4.184506538625139, 6.293087130958587, -2.30204660608541, -0.5989336846635087, 2.3892227897189855, -0.00560678841033746, -2.2589193639635496, -7.618580172508102, 14.602854761440657, -9.537416243473858, -10.55471336721663, -18.034681201297232, -22.79022955993719, -7.991983164032964, 7.837887690012705, -9.625563050979524, 5.323525286896859, -9.770566552333115, -14.850421956868194, -3.666812757908859, -12.015160549800044, 2.530414600836431, -11.233528038524867, 4.854560116546591, 14.307083539909755, 15.318149141446849, -11.470258841845284, -3.6065358363100177, -2.0887344462726287, -1.9961455233533734, 4.349377724650814, 5.506118301692575, 9.129997428002666, -8.346491667853197, -24.918385409448444, -12.564124923336404, 16.344286167035072, 1.6014140350725328, -0.6759792433124246, -2.53539317523081, -11.306429897852713, -17.871495378640077, -11.937611307354851, 2.38836319985064, -2.316684782546813, -5.029620862376971, -14.292646125276262, 21.353158252136318, 5.010683251918889, -5.473952753834436, 3.4058006485804095, 5.586542756535023, 5.452979919565946, 13.993930115749569, -7.155997224720214, 1.9929323237402454, 11.603737780741007, -2.222227658271046, 5.881946019330842, 8.81068782497415, -8.451283564262859, -0.8898250462676933, 6.875963902763311, -10.513836239895031, 5.114434242674322, -5.929151856812773, 16.965611336270328, -7.769157170492589, -17.838073043702824, 3.0726921423822646, 2.5869636596123478, -17.5124234886654, -10.228267417201529, 3.7597549090389175, -19.38916305118922, 15.622578797894754, -3.0737212677328185, 0.47109199343673924, -3.7726552195820933, -5.066957015426246, -9.86436060082804, 1.9412087877113622, -6.62109973902045, -1.6909330882837579, 5.462683948381905, -8.085422301177523, -8.060508722376031, -4.83509592909301, 6.212847360275537, 22.7550576854621, 8.420956676912075, -14.398403117788094, -4.216829005243584, -6.088515254699065, 13.811214737433659, 3.9044826143716533, 5.685019049506377, -1.4050655245908346, 15.936165839585895, 9.944118628552987, 5.704500756035279, -7.019501027474748, 3.2865395915772924, 10.070013260302503, 6.486908807623386, -11.339042393788116, -20.611617995968437, 3.7368674901083323, -10.555856473564226, 23.551869886583034, 3.5645340762210256, 3.7212171142186037, 13.212766580806116, -4.906545363142477, 6.101399344584918, -16.017089490883922, 17.172634278764892, -7.231896974076019, -6.364643282959435, -8.330695166014669, 6.717922219827872, 5.751350967466919, -3.156208944287641, -7.736230005838546, 8.686253688115936, 13.598619989867435, -7.13547388800841, -11.471019603033943, -5.951086931420844, -12.36950656925165, -7.263128458073141, -6.053538742446661, 5.095574993444673, 15.476218354400263, 22.30127516167357, 9.821034695337788, 6.022558348369556, -10.922523129510338, -7.3247850931614, -2.704979577446081, -1.42143438912502, 18.775086384177655, -0.18295246859831424, 8.986635877295042, 7.277348063466362, -4.1075964642422615, 11.410777342616097, 2.3136022976368347, 1.2114809975089604, -22.396727838394263, -2.7224068014811995, 7.846143919858181, -3.223403812954225, 26.86840072075724, 10.665924795867959, -5.036885422753919, -7.584586775436854, 1.3123426738098916, 4.059084918973959, 8.12173140501987, 8.290693623124966, -10.326237810257298, 12.684550754214394, 16.4328152267231, 3.8977550107810806, -2.4508429411431365, 11.677775256492767, 0.3248328349147823, 21.903348898327653, 16.975842679291475, -3.284921346210611, -5.031118043900234, 18.827090827349174, -10.488682382764472, -8.70523800518072, 6.075444495422572, 13.920634366660028, -8.307987773522136, -8.302255487903802, -8.367598007444753, -19.509998847084255, 16.29947129964683, 9.214916781884604, -4.736369917775379, -3.2377967966929706, -14.532804765992314, 