{"fitness": 134.47, "name": "Nathan 1837BAT", "genes": [-6.180911226725999, 6.146738939429342, 2.6233198584982764, -6.229640501462517, 9.706287352222152, 4.871877190956385, -4.651687586670072, -4.916179015493811, 14.806280877111854, -19.349158278833663, -3.775862602422116, -5.470212129842722, -11.299125109673863, -5.206151333929616, 6.554352705558847, 7.394442107304489, 13.795387007500402, -0.5703389473063853, -7.775857462064487, -2.8999298030410916, 12.897752538970892, 8.739352049501464, -10.43390009115754, 11.26496474411671, -10.343711383520377, 8.623872029316965, 15.207629813192112, 1.7245263353630342, 8.235712620540578, -1.289769879459944, 4.015708809633152, 14.044512720763876, 12.914563557857209, 6.382729839954825, 8.001099165680587, -9.43302571866094, -14.597558764577542, 2.7783194116257404, 3.0786619188209556, -8.585996079472608, 14.284196795565979, 1.6804151465078438, 0.8059321000736126, -9.779038926082151, -4.681996046043023, -12.95487993360664, 6.007676506462689, -4.690298411962468, 3.288700505141773, 11.511839353862289, 4.058620919564204, 4.298394619140156, 4.2853652559267355, 7.231088742721237, 5.314604582152117, 13.776667984496102, -7.09857690579209, 8.95855676835159, -2.5398036130075914, -1.747036845534112, 10.369679870648076, -10.428483645553673, 2.000246344323247, 8.453482377094856, -0.7772058712177117, -10.020843239671532, -0.9518007321521536, -1.3327229154378575, -7.728500164321864, 6.309720391754415, 12.219324379079348, -2.04082828630093, -6.567773582246031, -3.367456133603612, -1.4364785210204822, -10.181516486761867, -10.117200429476572, -1.532371756416371, 10.258180542213971, 8.695211967714569, 1.6470009196210822, -8.858337962932634, 2.339365888095231, -10.381630390324746, -14.715538575422435, 4.144970392319194, -1.2976444031454213, -1.5000943128443476, -23.51876825735195, 2.7370837155337844, 14.512147673618902, 15.655617100012522, 8.627234379043552, -1.4006612238260046, -2.711101500356399, 0.49345543601882064, -4.6155268533974105, 3.5122165863272574, 3.8342115650990296, 4.340970865325332, -21.375518509332135, -0.25209943482175234, -8.042139763791555, -3.987622339571226, -3.190614561973775, 1.6274944311221677, -2.999438928748692, 7.454787001447076, -4.256514027801627, -4.167701194961117, -3.5368385299968477, -1.1138306906105602, 2.101876739993468, -6.45450685838762, -13.728982681970505, -4.679394390543965, 1.0565616629532275, -0.40374644955876265, 2.7637204079943065, 6.568826898954554, -10.301294315541039, -9.236593608772841, 11.478168832526578, -2.2252353947019663, -1.0802429281310946, 1.6825766010645236, -0.15946467515600357, -7.57992675393909, -5.547800557031403, -13.941033865163147, 5.654418286775099, -0.6061297792768745, 9.745928772836377, -14.863817680666871, -8.685949329991995, 8.066652358969153, -6.126450236529453, -10.964289589433756, -12.862352026690644, -2.5059270047377504, -7.148071623880829, -5.883080521709681, 7.580282986098193, 10.598623327507177, -1.7192065805962664, 6.110553232365471, -3.5867035271500924, 3.3136827303746172, 10.802977620768164, -10.848997014044228, -2.063819631813147, -16.225380108531915, 5.040151696339023, -4.244193750752374, 1.8515696509943165, 15.39737601086717, -8.361060989935456, -4.170323794741399, 0.3061843369102819, -4.193727556480521, 20.605581486649747, -3.7708385350758205, 2.321240183874956, 4.769228293660777, -1.6398609113251243, -4.394234932917026, 12.10370769912952, -18.2624523336853, -3.135645747645337, 3.296965932224251, 0.5816735584593149, 3.967063898096456, 10.893173999258961, 12.179486030665228, 12.83153102037902, -5.100039341475428, -5.879949545710429, 5.974813784795067, 0.9464856181263288, 3.510005538694383, -0.12578705561160874, 3.3942341981606505, 11.952407175955592, 6.234785826712223, 0.6027574997649707, 5.219284497893861, 16.563423598228074, -1.0173716810288014, 11.510117585441519, -1.4936449754973782, 3.7321409034451234, 9.670256335040394, -1.185501241198225, 5.135978776957703, 15.758637892658658, 21.414380625407397, 14.565919403694126, 3.9216730121772327, -10.66183343698259, -7.5449684777629855, 2.4297527845929103, 1.436323931961768, -1.3196173818334056, 10.90658747177159, 1.2592705216708904, -4.915438798270397, -2.5399433072934117, -19.13428745578202, 6.060509591055941, -21.072134293771793, 9.988403505545138, 5.576847804628573, 2.4782691322831067, 11.303190177360946, -0.4034364523098233, -4.9033285178371555, -1.5637271549223786, 2.485762666995358, -1.0035904089042078, -7.027783644321634, 9.463800115603545, -10.720096167104057, -10.295131896731988, -16.950176614819767, -17.039884238321182, -3.0881860543272524, 5.586388961555025, -5.10438004068532, 3.1392043816512225, -8.158976825283222, -11.75009764702728, -2.765103532008208, -13.395192303234541, 0.45690115980046997, -10.761959448017905, -0.9101339724038932, 12.702754045755604, 14.014148513686877, -5.566196540344189, -2.223841999482929, -1.9311960637629952, -2.4875512183731283, 5.119372931650573, 4.938078634217199, 11.894010933397952, -7.54267525370628, -23.39541284190842, -13.229565937496007, 9.872751985578645, -2.8769167703944047, -5.129367432235583, 0.1271346209814791, -11.912027839152897, -13.088347722612554, -11.364760731739896, -4.95829368231688, -4.1127549514876005, -4.973201171938871, -9.42095009868711, 16.515778217706572, 3.210137834841664, -6.125990740227781, 5.118582590207561, 6.159423761490762, 3.9608213535116072, 12.413510224163549, -8.215709397351695, 0.21543061197522165, 2.8070188814769805, -3.2111536398881606, 2.4256403958565596, 6.666211864516976, -11.523857138065358, -3.030904402474915, 5.558977343256866, -6.841347417148078, 5.579178732620122, -7.1063948466492, 11.971927338279347, -12.252535049371936, -19.58559753554205, -2.5654257825453564, 3.9313693856989365, -19.76337165808004, -10.433822204657462, 2.9419983116962736, -22.874419558175724, 12.965270645946106, -3.852933435779358, 3.667396978991019, -4.49362001671638, -5.770241613599466, -10.096390844599421, -0.3283106821372566, -4.628064579501512, -4.352918031839384, 2.7177664654642757, -5.905389265713555, -2.4482521125586807, -8.665345213232591, 4.577715849802253, 23.915592558614403, 4.952664378431706, -12.514432076041263, -1.6042949934382549, -6.792692088633261, 10.644288683558592, 6.069960052644784, 6.274448068132848, 3.841189409556823, 19.972897889840652, 13.334125214952836, 4.234935322331536, -2.003702977134356, 0.22278447132758727, 6.817390419895707, 9.561867601738381, -8.139454145894504, -23.14687280866447, 1.1840733562104133, -10.846635442533774, 20.064193620231805, 5.07140204576103, 2.91742404468227, 16.54671025538464, -5.4599848840268805, 12.963756318706706, -11.188962066437815, 15.67953810561877, -6.433122958940724, -2.823692765242643, -5.6665689593328326, 6.8294532532439955, 11.434475562998722, -7.70513277620253, -3.2255972515831877, 2.900808171048847, 10.455617725887532, -10.886440719625202, -5.56609433077589, -6.102582397678638, -11.088485040731365, -9.29376925599569, -5.252633465362497, 4.262735014057776, 16.60688829383701, 21.381119903074563, 7.8948087526681885, 5.497937067443433, -8.79946269346828, -1.8822282649341529, -3.362380136090946, 0.33249811181283706, 20.333507803349516, -2.935998330551318, 6.61814774530306, 5.957909429111286, -5.125245983082175, 10.299995371397184, -0.40201705417416356, 5.390492302584027, -23.826005513054653, -5.162034309233487, 5.344969574836423, -1.7398608241672342, 27.998834259439686, 5.577905304519637, -4.598173322391943, -4.547507447757771, 4.100373996218573, 2.090810131594545, 5.823674975311556, 7.587297856628536, -7.88535704892908, 11.812967971288252, 18.53085200434499, 5.080885867266296, -4.892759085948309, 8.044800801002884, -6.767334113102379, 28.13091048382779, 15.343641692504695, -4.33817775811804, -3.6554010101206775, 14.623148802227202, -7.930390082116718, -6.8680695894370745, 9.413728857083935, 11.995498705429663, -10.199965991181722, -5.727781014659786, -14.679130291276461, -21.07010661209484, 13.277314768560121, 4.2470193983790905, -5.3634062633675255, 0.354676176093528, 