{"fitness": 139.88, "name": "Nathan 5927BAT", "genes": [-7.309041672749543, 1.591594057460303, 1.713467652143796, -3.4682727300939513, 6.756997988067874, 0.399512177549607, -10.705839919073144, -4.511630838029719, 9.427368848148166, -22.025834610940496, -6.087209339782746, -2.9588012263102077, -8.087598667132779, -3.8378508207258943, 0.6437246680126809, 8.33280726859392, 10.542572633725316, 2.3441632229633367, -6.872376563998339, -6.90508541598258, 14.720562956935021, 5.493621338570556, -10.082716891445308, 8.158489913036334, -9.086805144484916, 4.271322905458144, 15.38177942052814, -2.3534813945625155, 8.70704747291711, 1.5352806598081676, 2.8152024792590744, 10.283449600799031, 6.806676440626597, 9.467905226055617, 5.484785318527565, -6.368622338819615, -13.888781695100416, -0.8252006711723657, 0.014712247094656128, -11.708837966431282, 12.107489070384727, 2.3978219109960035, -0.2998667622894542, -12.83968631804314, -2.0077568264454713, -9.407370989127145, 3.970611790911572, -10.105686822983492, 6.05091936518276, 14.55706254535319, -0.11569807696682716, 1.3024859157239925, 5.419658072545239, 5.150181472384596, 6.443088066169322, 16.64967631227917, -6.897851215852635, 7.885505814088054, 1.0760728166295173, 4.259153425288125, 13.004453523547589, -12.81573654402528, -4.502780118072483, 5.819873909580007, -0.40202870779041766, -4.666311970603755, -3.46690473823195, 0.37222945500382054, -8.680603642530631, 4.118960673440153, 9.725233736005407, -0.9207581062283652, -2.516695406041252, -6.626147193978677, 0.411161893664113, -12.50032178817053, -9.127279488137454, 0.5974493063549808, 12.514745123501088, 6.6373707118961125, 1.3277001459693922, -3.2416000532199143, 2.7865241835972356, -8.642735476449742, -11.805451565741324, 3.6663636513663898, 4.964834584033951, -5.002666927024987, -25.258303599905652, 10.417440835416162, 13.525823406774165, 10.915703700351036, 7.6717755337929185, -0.2090267034055223, -3.205357782513797, 2.971909585618308, -1.8308799602795314, 0.34400798928488036, 5.157356822794394, 9.891325488026949, -21.905172229545364, -1.7648573943770351, -7.859269452411992, -5.455575184323969, -3.2833234545661854, 9.662804278352354, -5.627862207054866, 1.4850897214366343, -7.2620895168268795, -5.159318486999091, -6.821968889094506, 0.10124249023860243, -0.4841774144410192, -2.7077066099004568, -13.39513735626871, -11.125476354682828, 2.9960757127166087, 1.8406611487854034, 1.5892184805549463, 6.837711033419335, -14.70985379721278, -11.231506826603443, 10.80333987319769, -3.498689198900204, 1.8931194310259463, -2.957894590838041, 0.5080043968210781, -4.780402274412414, -5.150822355741338, -13.670348321281809, 6.253850022813147, -1.2492121214711216, 9.019280551353033, -15.500827631507336, -15.88717158923958, 5.854271306932788, -10.761826806481226, -12.443775624457865, -13.884740063096313, -6.6923641734305805, -4.386942964482023, -4.461490629410156, 2.8752943839637997, 12.77521690154962, -3.847337626582443, 7.786596785785562, -1.988120535889755, -3.100012854026207, 12.409678072578611, -6.626689051968858, -6.384856389971269, -16.02655819133358, 3.1661690647563443, -3.5064910939730933, 7.8928222046383025, 14.28802487840605, -6.4062874173181115, -0.9694970391883913, 1.840085533034957, -5.8839517744897725, 19.666310921499537, -0.4988216011949237, 0.6744962233605638, 4.497049061877486, 2.612037134594316, -6.194149850735492, 10.754353101292878, -20.475664287299995, -9.283748508031696, 6.6968279635620265, -1.068806484873798, 7.612356828025315, 11.322950065752677, 13.852150671000713, 15.681707436692633, -1.3956255702049014, -7.413091877999352, 4.309022227647175, 0.3482991544786696, 4.675113990081273, 8.127782609188772, 3.0321943519735046, 10.324227877311817, 6.1674461172884545, 0.22125514833465448, 5.118752884376484, 21.007894137623268, -3.950893281188561, 12.59824236225548, -3.6654994190635617, 3.9971913095867597, 14.474423156235995, -4.65742245508652, 4.486925539182706, 22.500912125830794, 23.315616116153514, 14.563818406904112, 7.003389492454329, -12.446880653937841, -8.380636600909211, 2.8117072770257225, 6.76071754357695, -0.8651512800430196, 9.689849947860887, 0.34559473026572696, -4.569257813616265, -0.9652385067674955, -22.41206189319546, 4.46953404139723, -25.562302059408623, 8.296285113162847, 4.911034853532617, 4.507766349130502, 6.785460407964109, -0.5451540759049308, 0.14206707562925983, 0.7875095655149855, 0.3181988457561358, -2.705333745554218, -6.75677281161329, 14.495628351360697, -9.7357856631593, -10.049545965263437, -20.091444748514846, -24.376888199408068, -8.48402290486554, 7.687872931835613, -8.752459447746611, 5.210470622512384, -9.661963282731413, -15.37699631518774, -3.3485821235847637, -11.85215885711312, 2.2170586493032145, -11.557450934492584, 5.060190882844566, 13.902164545755172, 14.66761816095646, -10.335112762543803, -3.4905218668698046, -3.295166597340066, -2.787413295045492, 4.1051602872161315, 4.635276443215799, 8.858166625976382, -7.8821020324882705, -25.071748194098685, -13.442810250742408, 14.154926296975685, 1.6546455910200717, -0.2809368945225161, -3.195507120781176, -11.247320749978819, -18.09909844473019, -12.811091091261904, 1.9611417284440695, -2.0556347685264504, -4.853981863156554, -13.079904045873548, 22.00666571953836, 4.629427185401234, -5.861771784454898, 2.065809445020875, 5.811955453485151, 5.432990537006362, 13.290713010169009, -8.845681447147731, 2.634049151840956, 11.094135742133668, -2.0078482711372048, 5.1717378129516485, 7.637883722864447, -9.487205821965926, -1.1455537367821345, 6.12095170286485, -10.431949500115817, 5.37517434317743, -6.781942771691264, 16.409461993323095, -7.716241250152327, -17.714009168023125, 3.96533579312907, 2.4197709882683522, -16.720062037790363, -10.05255696577473, 4.340367623156218, -18.70937985180455, 14.58306821857525, -3.4780761251677, 0.5950297859314158, -4.390046643159938, -5.150277839665646, -11.009208554942834, 1.7391093884682212, -6.767350705929373, -1.3804526477037529, 6.292819161085574, -8.292624549950018, -9.07108431522854, -5.015546874729736, 7.04050784546295, 23.288586560553682, 8.614421733688056, -14.036186003170103, -4.392069672202686, -6.0816169984391495, 13.489794303991108, 2.029714703144787, 5.863635164157016, 0.8072354854553, 16.022358255739668, 9.42900075904882, 5.642292471941049, -5.654692101288887, 3.031387707811585, 9.557943783387683, 6.464680792372749, -10.498274978246299, -22.563042458193284, 4.929362112978966, -9.350853096686162, 26.20443681898919, 4.376451453912613, 4.116565188916889, 13.750387990623942, -5.3883930988568185, 6.5172663542780604, -18.12033500287338, 17.89702662736375, -6.576283356097218, -7.4334944496281015, -7.9585447969634195, 6.131756582410227, 5.395073954093326, -3.4700770956955442, -6.151856128154998, 8.850383724042464, 13.760870511694655, -7.349447959790368, -11.253944078629074, -7.218734988170508, -14.312932408193177, -7.412620858792165, -7.0810687078350005, 5.743023535041534, 15.330445679733192, 23.17435566751849, 9.81749936768354, 4.9528594853182195, -11.3830336983878, -7.123247751727358, -1.5782834049010879, -0.9868810736596141, 20.226465921952748, -0.5202412902801865, 8.92301249280638, 7.816902493164569, -4.57183196090872, 11.726890180952154, 1.6442765181985977, 1.4075471628789873, -23.379786249393508, -2.768483159729689, 8.172448655074522, -1.3896837947666107, 25.722721642830138, 10.283925964876419, -6.5992850032906425, -8.063723826212277, 0.6899905259229178, 4.0898051409193545, 8.947914204062476, 8.902914475499857, -9.867332536804277, 10.64455372034231, 16.325507022327468, 2.9919388503776476, -1.874348335923928, 11.892397713622485, 0.13327936960883627, 22.009346485491168, 17.24957161773351, -4.476259101185482, -5.097654314728032, 18.762287610082314, -9.934931822538713, -8.681885855501735, 5.5475503248134705, 13.772107506059912, -8.634595240865726, -8.033914197811654, -9.117709583657726, -19.54714139783138, 17.661181566668418, 9.510409004782987, -4.760024192571986, -1.2750443889275447, -12.994752823508218, 