{"fitness": 134.44, "name": "Nathan 134BAT", "genes": [-7.245896301044688, 5.31423671440273, -0.012342009305676957, -8.998220840563288, 10.47822473336673, 7.053025413734965, -3.628863106038915, -6.065028240559752, 18.52092421538523, -18.86620508398304, -3.453338358204642, -5.9200688997146855, -6.554872467205491, -5.138040200559544, 8.192688348277834, 9.600754783638836, 15.22911690667155, -1.8590574842986987, -9.023038458615904, -5.956348642985911, 10.658571154341196, 5.493186907695698, -6.728209798857604, 14.30901634728167, -9.510795613217601, 6.746848553651704, 13.559187626250441, 4.999419538808535, 5.240800624260913, -2.7421012530678617, 5.272344787125458, 10.564131572008222, 9.779154341147766, 10.533972835691602, 9.037315305304595, -7.094804208919332, -14.873570635932687, 5.244866179170212, -0.5212008457220308, -7.572277698417578, 14.960784633052269, 2.4078926496552184, 2.8162238976613296, -10.266326917095178, -4.381456735143803, -13.156604349336835, 2.3547614281838065, -3.3475076127126138, 3.8847114144207393, 11.459688225245461, 3.2092373611910303, 3.7942041225931833, 5.306976018495106, 5.847784096218947, 4.9145364035554255, 13.612818605459122, -6.369343754874348, 9.756277357501729, -4.825557562010139, -5.3092517616843935, 7.37744567671577, -10.090158620097688, 2.8304301945634234, 5.630833119355393, -1.0923592389928896, -6.844923945981075, -1.9902728718868032, -2.6598818940081936, -8.167557199736446, 8.238230611063802, 11.345936652553936, -2.5361351091779523, -6.923793108741622, -1.5876840909317966, -1.5407035533263926, -10.09193225137027, -7.181743468431479, -4.2580014176568985, 8.351237889176653, 5.957192542357112, 0.8697687657695266, -9.109914973395615, 1.2867471695937505, -14.292877095744586, -16.651096427285037, 1.2019350277640186, -1.2477801851619852, -3.6945406222191006, -23.54757168459937, 4.182892034089464, 12.760485897081411, 13.349967855036688, 7.508545027742915, -1.8836627092599214, -1.0777116659869612, -2.207891055377212, -5.437461337270694, 5.253427846607811, 4.035300483315512, 6.391180899729346, -22.28696806518089, 0.4496626242589183, -7.538375603423115, -7.524181445571318, -3.3791072707362266, 1.9293888678525433, -3.201777811726554, 7.019416634815723, -1.7653267282987466, 0.9154160926480019, -6.981470772556758, -0.1442576417325684, 1.479222650825818, -6.238124080552786, -15.238186842422847, -6.243100677911027, 1.1123450849597423, -2.9098666482348077, 1.7991364861433146, 5.266155432576943, -7.582410297237719, -9.001678848597775, 12.656446555555279, -5.087026473634276, 0.25595451971502214, 1.5060786441505092, 1.5937406558565397, -5.599820005597241, -6.916002353049531, -16.773524929382525, 7.828601697693165, -1.1405620595923622, 10.143319270377864, -16.241282518771065, -8.672571676480084, 7.233048310047845, -6.314893676057738, -8.948374644036186, -11.726925181142997, -2.4737635848806536, -5.228336812166847, -9.768551416957667, 9.4969437775966, 9.896650849994286, -3.1574743368100053, 7.53547752257939, -4.646902346657164, 1.0087775639914074, 12.382809716375707, -11.51981091313023, 0.9885401420369196, -16.015616340801348, 4.723393356093167, -4.017149958054014, -1.9842595761374424, 8.752623015008865, -8.598925598975272, -6.075219021280939, 3.6910685077618965, -5.315157831523812, 23.11045815449184, -6.726062028896539, 1.1218078951559303, 1.0715075411544768, 0.07378286507327651, -5.291782980189879, 12.85802754788866, -19.70467695289741, -5.003316114661555, 5.298697961271748, 3.037634567850441, 1.8087164078727547, 8.94389886958497, 7.860036817973925, 12.289469047964763, -4.265461015501885, -5.121083509217679, 5.085033471806053, 2.6826647256749925, 1.3555706927938385, -0.4332768257135648, 4.05845707260502, 13.274828237609922, 4.299286703992225, 0.4464067056201432, 5.1518095993214015, 16.600582848789458, 2.7852439283399857, 12.854138024049586, -6.460994928711677, 5.147754494618273, 11.125583838805703, -0.07633322800655903, 3.732395858841344, 15.961138450860247, 21.864943324136252, 16.457198282236988, 0.6019154017833106, -10.444870196990243, -5.948214958415341, 4.081089375669656, 2.0719979591208455, -1.4676798057359612, 7.496701651765691, 1.5791624173457222, -3.224630183614596, -3.7830904276103756, -22.135790573107656, 6.572057500528816, -14.591862294640103, 9.079298919972075, 7.622730896090119, 1.4562475656216043, 10.497846449308943, -0.9635891808098223, -5.260405250692053, 1.2935041191084233, 2.9135100656448962, -3.229600180801724, -0.9245078788647147, 10.458721056681194, -9.06573260364279, -8.829100776180965, -14.490752466451614, -18.233752274317986, 0.3935221841226911, 3.6547301231416114, -5.884572116394143, 3.738371021213951, -11.592825597509977, -9.218938217590937, 1.8548891361100186, -11.744242216608265, -1.8626590788947066, -10.92505071191736, 0.09691512793335862, 11.71651137049557, 15.490045010347835, -6.5073415987865575, -2.3996833279180594, -0.07584012216518549, -4.506687846257641, 5.715109500653845, 6.215983349618192, 13.802396468823147, -5.103012950780592, -20.829476115322276, -10.419319814364194, 7.615809258559746, -3.4103976394855535, -5.8996225876190564, 0.4103393930730501, -14.034098190721656, -8.57862091401546, -9.797342884188627, -1.8230423277821333, -1.8569083300920355, -1.8151563949093599, -6.3245267996744285, 17.835684011417417, 2.189139197735996, -4.610591300278962, 2.4422255568575406, 4.58987684096866, 2.5267972913897263, 9.878737325624018, -9.377570766244103, 4.1014872367680475, 1.497162370199933, -5.77997151248443, 0.20999581601963635, 6.433976348400822, -8.954452264548348, -1.316566281654433, 4.794002479644311, -5.240004619928066, 6.498835103527811, -6.507618166253504, 13.10038715439336, -8.238502344618654, -19.384988883277494, -1.307188887846614, 1.1786378897492211, -19.122477452901638, -10.739121630721396, 0.9587720473441836, -24.25194635103945, 15.946774956769062, -2.31428382267878, 1.8335822938938238, -2.2210423950667186, -4.021729647032359, -7.977919166155305, -0.49771666932868147, -3.739825643863166, -5.979564475955238, 3.54469414078587, -5.9816678736945805, -3.039862961695954, -9.781370148283404, 6.893076792150066, 24.15878965996181, 5.456609411002813, -14.507316238103956, -1.1101803354994244, -4.94145809370701, 7.919764338338197, 5.4786263546984335, 4.949912102729175, 4.155371958526269, 18.055944289463675, 11.655835516568507, 4.3515351873909855, -1.9001898712184653, 0.3327273603116544, 9.665470785241855, 12.007465369007368, -4.222716117262954, -20.608452089579423, 0.7523850334243932, -7.231618788688781, 16.931388104372594, 5.652852622040917, 1.2119849710673316, 15.954650700748802, -5.100843026200422, 11.471235365315785, -7.592707062758264, 18.063787545886214, -5.754310077011698, -2.8418285407914015, -7.396829143963948, 6.900602553648355, 11.104673860741952, -8.834901193467296, -2.638908138094984, 4.277801662578466, 11.503635180247977, -8.495201087901279, -6.001642606354377, -6.853762943381314, -7.8548110440837675, -8.018311668448527, -7.210299948107296, 5.349581450647131, 18.37740589634803, 21.286860945956956, 7.967044696146714, 2.9342573881015253, -6.2772869293329485, -1.5655279067615817, -4.470774306264343, -0.37518551311176174, 22.522519403636768, -3.3659460213210632, 3.562634961166324, 5.49260401092226, -3.1933719544130086, 9.882224175683014, 1.7381516712439422, 9.149147036171966, -20.735870921571696, -7.981678941114928, 8.183890672133607, -1.231233711373257, 24.596606867917146, 3.6478690381939236, -4.494158085202666, 0.8340935180322245, 5.926895366560739, 2.770175389277293, 7.352620773393851, 5.381491193854973, -6.1241564287856685, 12.2808986087921, 16.186379802827908, 4.842064228239799, -1.9683088124036112, 8.359714964753538, -3.053970467418293, 28.314486151599276, 16.193808799129528, -7.009653466590886, -1.5902259637512848, 15.531009983178688, -5.333195267258756, -6.074814268013781, 8.921754319468421, 12.030808442545503, -7.344706106554997, -6.989710212860351, -16.971473849176732, -22.60787352050481, 13.539987242251936, 3.0564330868790375, -4.665415713789837, 1.5318249776266624, -12.369817763815876, 