{"fitness": 133.59, "name": "Nathan 72BAT", "genes": [-6.759421510454319, 4.978817520485162, -0.10981149185869632, -8.613614620896092, 10.06029034819926, 6.88324117462598, -4.137273024105207, -6.215605195377479, 18.838658918388845, -18.94261806468486, -3.2004784077737045, -5.804936392217223, -7.082962331078597, -5.344726788177304, 7.7710349225638575, 8.954084114061027, 14.976120682990548, -1.9840393213162353, -8.512468507218655, -5.9133003692804955, 10.717310445855993, 5.75450992763936, -6.6058186084605595, 13.998883730718145, -9.59824238668399, 7.313435327165319, 13.66599546415972, 4.99553406877175, 5.657798592115426, -2.377991905679128, 5.303046090557386, 10.70064239926143, 9.777285405297878, 10.306843094620154, 8.730876540701107, -7.412222492784527, -14.857122459653475, 4.689454340691415, 0.20593237996733615, -8.04962608328191, 15.138516639604044, 2.205019693387716, 2.3381590318955308, -9.358034654595558, -4.74039051979583, -13.579505037340933, 3.015661195122242, -2.762040853201601, 3.6529559684153416, 12.221602671620985, 3.579051842551835, 3.3009562405665323, 5.6041105676224205, 7.015393668551163, 5.404325832275037, 13.232834455771311, -6.598545016437938, 9.523168727544977, -4.1192103286606265, -4.583248040077622, 7.434866769391531, -10.352598665864663, 2.7925128899176896, 5.03607791636091, -0.5642999352753656, -6.993485784414513, -2.0812457109940703, -2.448352286070743, -8.284087559052312, 7.48308029691023, 11.673736104620318, -2.8206667544707864, -6.913095550588674, -1.320830121272927, -1.9550127214908959, -10.093851632286675, -6.7961820391628125, -3.6990795467188504, 8.460785101304708, 6.361150029062707, 0.8512398756107167, -8.713518901859626, 1.4454589378192728, -13.685987464101006, -17.037353498831514, 0.7357014039386837, -1.480648239932941, -3.3587022186351705, -22.35417918564546, 4.643149766090193, 13.003630128509123, 13.351928562370581, 7.51617968626091, -2.329572007101708, -1.1393111854272922, -1.592600880874754, -5.642647015178794, 4.839131341270551, 4.153981956904271, 6.604736867360955, -21.927305959977797, 0.16443760215354294, -7.354203260353213, -7.763647200267734, -3.650960006902778, 1.374751144243565, -3.283360355380572, 7.436952444472617, -1.6492648443234783, 1.547907966285, -6.564672875690367, -0.9774998834386425, 1.6227795850201114, -5.905266223376021, -15.030495261197908, -7.126523359658941, 0.9905718457014205, -2.9336440918303097, 1.4426101136360052, 5.270748357467763, -8.13562194307087, -9.272696709827127, 12.697041841106955, -4.287170138776125, 0.3754294100658983, 2.313122323957237, 1.2895168996374613, -5.549155679088129, -7.6023945440163585, -16.336951365098823, 7.185201612720791, -0.8516409339169184, 10.564007726629514, -15.694801617220536, -7.9931476428323665, 6.8552148176894505, -5.724581313412023, -8.702304034921273, -11.876659922252186, -2.0095834571415097, -5.088519651391778, -9.272151370041112, 9.300469363771283, 9.303270980779978, -4.061950724292479, 7.709417351954625, -5.244424138826905, 1.0734373521282987, 12.33859611211061, -11.65800780561978, 1.382715033760916, -16.13941092648511, 5.723041659519995, -4.121252290094938, -1.8931073860539436, 8.865507763531344, -8.18171020891553, -6.419929218150444, 3.265138949490914, -4.961634429800749, 23.058199065316515, -6.77157867142424, 1.0100454351123502, 0.9386415408711253, 0.034826942134227545, -5.878041685046921, 12.89822779570871, -19.88344598803927, -4.705862476606245, 5.052899436786018, 3.212652793855905, 1.9000506274984006, 9.026910716573473, 7.651440855155944, 12.682887747444521, -4.006197189663835, -5.052734509107054, 5.057143159812908, 2.5709102849554952, 1.003173615948102, -0.3946537711969834, 4.47705708386141, 13.431951788059608, 4.782293168161916, 1.3472318268046446, 4.638386235323825, 16.502855839031945, 3.078891054632895, 12.879279790524844, -5.859741981384624, 5.2143179693059425, 10.799853806977067, -0.3528893329876125, 2.983463716796735, 15.433807384519588, 22.019121931955098, 16.588950111656246, 0.7113130721098861, -10.514035601854149, -6.47452341120681, 4.526827740628176, 1.73899094922116, -1.2431517760667619, 7.892896290912399, 1.7926036157069882, -3.1490783733241283, -3.932723346636613, -22.040997582538537, 6.858100339730246, -14.689182112789325, 8.882009242573144, 7.659731505198878, 1.2044770027275091, 10.558598351060192, -1.0305503957107434, -4.917167823670051, 1.6881154889525374, 2.822979192034141, -3.3694291796373936, -1.105399989254344, 9.870024305153457, -9.66475062868835, -7.699257781787976, -14.44250769807966, -17.81129828839223, 0.2400354498180028, 3.5310752454180983, -5.400166204704393, 3.8942394759175025, -11.123387644276795, -9.134900306676123, 1.5598232333170459, -11.965006103393867, -1.111938317728841, -11.39285005228241, -0.6896902315754356, 10.866557700758968, 15.723677933223097, -6.327984650057404, -2.52537398348919, -0.23187467333732142, -4.482748550650077, 5.767654545221661, 6.729108471061607, 13.594159560170741, -4.860531877509812, -20.74886808079756, -10.693132567008218, 7.946281028577503, -3.914782561914886, -5.256367905553203, 0.024390208342650543, -13.618888900140698, -8.836171037642078, -9.372768670714379, -2.079753932434635, -1.8476856518149003, -2.4422362950221186, -6.284233204841584, 17.80308504385341, 2.460807898569038, -4.137933646520569, 2.2833899486824647, 4.459546079993011, 2.236684729096042, 10.058095048416169, -9.407924164693652, 4.109324441023777, 2.106211460866701, -5.557170224917532, 0.5772745512665717, 6.870579472164241, -8.94325522996313, -1.5403633698454988, 4.148941506699737, -4.9617190097561705, 6.555590208553719, -6.84575664474363, 13.786050381978798, -8.81343048185054, -19.89238883104012, -2.026346481030342, 1.1674819666378806, -19.07876602204148, -10.439806052966555, 1.401153935024971, -23.130730604958725, 16.094947313798585, -3.229186667025702, 1.948802890507665, -2.093222873265906, -4.227495458866152, -7.99986555030522, -0.7297223222582304, -3.1729474598024114, -5.198603355631966, 3.6394141343869313, -6.016264978174276, -2.7962522435445822, -9.735421464938067, 6.554753796015136, 24.540567945188574, 5.825467872697531, -14.488590787435506, -1.2467981364851242, -5.382069286796551, 7.779895938106474, 4.8153236041743055, 4.623235233235772, 4.378850427813314, 18.119584000806903, 12.085873153277593, 4.134550310602827, -2.5415612002452215, 0.2279753711479138, 8.973614080085522, 11.261486050136929, -3.815176937401365, -20.46412971667444, 0.8950365776455266, -7.042976383474816, 17.056358422155803, 5.960538411507268, 1.493504528325875, 16.146427103833204, -5.963788752921543, 11.63873312855442, -7.3469458966084, 18.11587627703836, -5.274658006357009, -3.441601124473885, -7.1708867426144565, 6.937969453765721, 11.409893849814347, -8.58626012748907, -2.1476879555137973, 4.345079701890922, 10.81274641677249, -8.047605503249843, -6.590168595755321, -7.400339055810505, -8.090026121583085, -7.932292120518467, -7.338645123594678, 4.706680632948016, 18.156672181861396, 20.84266865965619, 8.061320292660946, 2.5632940489419993, -6.700187602404813, -1.881585998291209, -4.592184937031988, -0.21548920584643244, 23.052496943890898, -3.128920474955944, 3.7538831635355496, 5.932607107664169, -2.429415356501297, 9.587713219578243, 1.3318934344731792, 8.538084018361207, -20.515711953510593, -8.402078988230244, 8.63512564273573, -1.1270205700299103, 24.576868336321162, 3.697636091198314, -4.410306354461621, 1.2252722418122053, 5.631338828724441, 2.6677001089993326, 6.945693386301986, 5.495420369013571, -6.207876460094231, 12.148324747915153, 16.309076538256992, 4.5707948724059735, -2.0082309910457847, 7.767156489004348, -3.1986119115503144, 28.563427806394934, 15.711155680243385, -7.295370162506026, -1.5847116689373735, 15.207491144439224, -5.327424136981346, -5.816199322366459, 8.630025309349492, 11.717687443211576, -7.466109573188418, -6.636452263352672, -16.8518475874889, -22.53644021763048, 13.275073471536485, 3.1285574220603394, -4.263945104759518, 1.6034075878365401, -12.66439705831179, -7.818966908259959, 19.971273222854432, 