{"fitness": 134.56, "name": "Nathan 1932BAT", "genes": [-6.579303681833753, 6.837757534069328, 3.4094938119778013, -6.301541015791703, 10.17975712784456, 4.624880477859246, -5.280338716618802, -4.874064851337627, 15.20074209677789, -19.515530071538652, -3.9515722428635778, -5.497681203738673, -10.103631907892707, -5.173288919454273, 7.011273285363539, 7.494369595307537, 13.411189957984572, -1.3692154708145192, -7.774597351798582, -3.4677842751786265, 11.073242620626418, 8.031178812092625, -10.83062549859467, 11.743576037113113, -10.699632665317823, 8.457443305838739, 15.748749714755105, 2.7971802127567185, 8.53971308933438, -1.2158414641605781, 4.6398290089031935, 14.882022805181341, 12.581487155626757, 6.125348602919041, 7.6162051796893895, -9.946547068199992, -15.293271966321772, 3.798181243642343, 1.3638226959650215, -8.370545261451536, 15.414837053479875, 1.0041192584121705, 1.284348347970145, -11.130802222532305, -4.123499236173703, -12.055647733758066, 6.733757570105357, -5.650248565202295, 3.4917752290176893, 10.966575805314896, 2.511429940062552, 3.27433928740723, 4.74413004401044, 6.545753901764229, 3.258424470025503, 13.756683149961487, -6.591074006639499, 7.9930209475253635, -2.10992037850012, -2.247099308729645, 9.465029825608136, -9.966545973684934, 1.8912938224753095, 6.358528469278585, 0.579221324678031, -10.15149508879866, -0.7492275750600824, -2.2390460952602056, -6.816980015067034, 6.3819287492176455, 11.24260364721841, -1.1734513353872864, -6.356197364793885, -3.844070884247907, -0.8109900199006663, -9.717921252856794, -9.156127551065001, -2.019906076380179, 10.458000274502844, 8.805769470815283, 0.4374503868634062, -9.011062135353757, 2.477333128361262, -10.274675746070281, -13.350135307004582, 1.7591496759288812, -0.6627298618224644, -2.3105156273497696, -24.193619172825535, 2.6312512514637314, 15.013800093940358, 15.102296735728702, 8.715633235894213, -1.0071308483847496, -1.7453388723000334, -1.1906052517444254, -4.594745039163012, 2.6517623881588035, 3.016937641864678, 4.434543181952931, -22.168269420397927, 0.4450527185705175, -8.873270701303793, -4.638116171410518, -3.6526851655623274, 2.0482374408410036, -1.9110407837369334, 6.156801360079298, -4.851904613541186, -4.1710049244520695, -3.412655904180883, -2.2314445847457782, 2.424568239181513, -6.387000575630634, -12.333398332071027, -4.658587142697657, 0.08615508763084789, -0.26203236274288855, 2.0642171912376313, 5.631518048464866, -9.80944179752586, -9.64839329003277, 11.152941839815176, -1.9564596452892418, -0.8909536273385438, 1.5959000097602682, 0.42740334196761826, -8.848273840201841, -5.570722726133388, -14.588790264047686, 5.644731169976816, -0.941019153657246, 8.884565952012409, -13.345379573539972, -6.6635156099200215, 8.60458389277923, -6.780890011745033, -11.53428407492827, -13.185213533200121, -3.3394705080517006, -7.963561631422955, -5.275581091422253, 6.09234220655404, 10.169849089114415, -2.5262672801751536, 6.122909948524942, -3.706868444673452, 3.172354059741224, 11.353808194201317, -10.735286440233162, -2.7550374671131888, -15.983874964410681, 6.672128796195228, -4.759163994377501, 2.4105079244939542, 15.827965159234456, -7.454014032050734, -3.9123133106493433, -0.5485068353708668, -5.244661047322187, 22.08948092703479, -5.5212361709141335, 2.133794198041239, 5.943682279523574, -1.4869839293894853, -6.256997853286788, 10.54636283640025, -18.626982254428473, -2.5756069000594377, 3.8851875843997457, 0.5626358618985229, 5.13993692156076, 9.997988465009334, 13.272462664685932, 13.205370199837361, -5.613771325383477, -6.10230170323501, 4.123681761312199, 0.6524431767514949, 1.7994493449526094, -0.6975712024158149, 2.7584430627125265, 12.49996159206199, 6.4165843365665385, -0.12936216727609073, 4.685056795899002, 16.889491220266002, -0.7991815568519738, 11.189136619909364, -0.5810629332234332, 4.445145491210488, 9.581856007480045, -2.0060713930838654, 5.377130609536878, 17.5758429948664, 21.49860263575589, 14.464976665153603, 4.275195944314752, -11.907083622555596, -7.627894547295745, 2.162760376838489, 1.5457481995074767, -0.611680801534196, 10.691453751367142, 1.1955319574353542, -3.546962918202955, -2.1795810613444297, -21.012077157024866, 7.926958947368114, -20.599135506169517, 10.898530493798324, 6.567592283917808, 2.971476613272583, 11.15515554158535, -0.6815551543984235, -3.70513239357048, 0.9520410818476895, 4.28964081030548, -2.710463530061919, -6.637009990924268, 9.615363258562569, -10.53830820572874, -10.414736101795839, -17.165898077523433, -16.75142942411197, -5.0116239180156565, 4.981105926644466, -5.385437104975196, 5.709245773706947, -8.290467751067725, -10.699404684895894, -3.0618506867592497, -14.216957158104867, 0.1970810169751624, -11.04964020654505, -1.0315237998029612, 13.64757456916659, 16.215969538669484, -4.64990699180223, -0.24694656075736307, -1.283734534268314, -2.0648690850763183, 7.251841691858386, 4.4541802586106956, 12.106403929263971, -5.70206127161435, -23.095493512706277, -12.96892184399585, 8.6261776455833, -3.2665248479033484, -4.938096593569491, -1.6019670658274547, -12.26872350720462, -13.058554323795258, -11.372734103061422, -4.886456622721969, -3.5852179668453403, -4.926381388154266, -10.344987813741556, 17.777028912236545, 2.804908058249765, -6.461215900636724, 4.844539585357388, 5.400519070707961, 3.6372925971914416, 11.351230455433223, -8.108009114003286, 1.8582202408205823, 1.9608927869710016, -4.028956458939545, 2.9436774943526025, 6.248786237854203, -11.102440058934974, -3.277979206213219, 6.377236406337664, -6.458512929155716, 5.2076983929792915, -7.218468180163868, 12.816862196378894, -12.31662468247537, -19.336985129589994, -2.7624786330097972, 3.5129571383827156, -19.951316492119382, -10.440609993222838, 3.068826989669234, -21.949416135118927, 13.401201523580546, -3.1388936674552497, 4.606682671086373, -6.531096770118142, -4.25248410604289, -11.607567302965784, -2.721593083204983, -3.693598016707382, -4.139962249931348, 1.997027769502666, -5.733168679591952, -2.9663622204927766, -8.097730253178874, 4.942335487150167, 24.42757618920769, 4.894912994189346, -12.977119801354942, -0.7893240880977506, -6.982966439381358, 10.397463480888339, 5.728339870315236, 6.532183923767593, 4.376359589115584, 16.369521762477447, 14.175914638273792, 3.8657871288723147, -2.429269706557585, 0.6810685434132383, 5.9523222470637025, 9.52778961246118, -7.105335987431779, -23.48989497704599, 1.329873229494637, -11.236754718711968, 18.700617294797972, 4.258725165082137, 2.720374794025205, 16.418398414672765, -5.014763269094033, 13.45886010377339, -10.848881833531333, 16.506818072155603, -8.218847458288993, -3.3250571596901604, -5.763226410293003, 6.941826299953005, 11.222073212825638, -8.257039172287486, -4.199918114268721, 2.9073740941196, 11.091301167762527, -10.337420666851443, -6.207607039407155, -6.482229244575869, -11.393075131409846, -9.418361927611237, -5.9843746920034055, 4.756837288246568, 17.01018977040165, 22.133083848777776, 7.76676749551952, 4.760816185996121, -9.205163421548052, -2.1152649713346885, -3.917182700453142, 0.2978484313451809, 18.15031638140712, -1.7996046989474515, 6.237545215512239, 7.4174593399639095, -4.754814704647036, 10.823842878635903, 0.1950308929873456, 5.760472679095915, -22.83248862474221, -5.781278016055008, 4.344654953991909, -2.088596733534407, 28.54442539338719, 4.770608559708497, -3.9420337112236092, -5.953263896212673, 6.076390221860492, 1.7452727346279087, 8.214635759381823, 7.914930910886911, -7.8152694382795405, 11.671012866306134, 17.02122364218184, 5.2157368992728115, -4.690841318615898, 6.556448325304342, -4.514687621334013, 28.050442073219013, 14.837158674343424, -4.382408967227537, -4.787460268759768, 15.377898776742745, -7.10775712576994, -7.798239085985785, 8.959457887459989, 12.509769492399203, -10.819090525926033, -6.478527316758937, -14.8568447972393, -21.69035953647694, 13.018314286823797, 4.333515519450298, -4.8864028500513115, 1.7941930193634208, -12.55381703856177, 