{"fitness": 142.94, "name": "Nathan 6883BAT", "genes": [-4.711667778306235, 1.5204273670445931, 2.673704092727963, -2.8946055727843283, 6.178786028937297, -1.992539005839845, -10.14228260060066, -4.2015938441075384, 6.8694564959042035, -21.8826360332264, -7.199298920405595, -6.84998350823984, -10.106002967067377, -3.364719686101301, -2.9969172788655185, 9.037299779495502, 11.705474590020486, 3.31677296791388, -8.81910330455595, -7.401417062254339, 16.91902486049907, 4.070007922128763, -14.55411098584616, 9.690736681691536, -10.130379716704532, 3.4562745203192664, 13.273496586867306, -0.5694656783015943, 8.116724206556365, 1.430791394312127, 0.258074667582077, 11.641843724139104, 5.479219717536829, 9.215910854769785, 4.505843197466161, -5.339193310034239, -15.386569534506602, -2.572544867114147, 0.18994857846516766, -11.30383292881236, 12.55655211740235, 3.377848018078605, -1.112363077314022, -12.782698473502593, -1.8550288394061205, -9.597200365448895, 2.9653534570589777, -11.551195250508691, 5.180154327172618, 13.276436982538602, -0.23296337879998247, 0.05775767637585111, 5.516211436994551, 5.264705326806425, 1.9099808430440983, 16.493087527953964, -7.8320106286762705, 6.5322307304562335, 0.9019310891586712, 3.608824341145362, 11.767788538462913, -11.473381618756347, -6.6963761666848995, 5.183709643237671, -0.6498908744045179, -3.571988401680454, -1.5090710505658111, -2.1575679483119554, -8.48607058973414, 6.1609144742075195, 9.093569409107976, -1.6005705004932247, -3.251023375316336, -4.374938326649607, -0.4652310631876741, -13.655493520680146, -10.868567289402806, 2.669788777181297, 12.999807035912193, 4.179435492178464, 1.7406637372441387, -8.36050043821859, 4.7479513163300995, -11.08598254364904, -9.884726268572704, 5.425489798802296, 4.80997475985749, -7.514264813670748, -25.573704721016192, 10.08197650984822, 14.12183316495261, 11.19201146351829, 6.801043540670754, 0.4160550243505501, -2.7091944108071915, 4.392693903162878, 0.4887949653789335, 1.4183116020836861, 3.921122586517602, 7.000750795519464, -22.45857849742526, -0.5320817623693413, -8.398071039892653, -3.0200780810347356, -2.436793708467913, 12.257518713529047, -5.815565325237795, -4.4427686267455595, -6.350639917638044, -5.607821768907016, -8.140149530911364, -0.5776703536744935, -1.317678227353988, -2.2820894706085655, -16.32832759960458, -13.126964908775628, 2.8786199297639863, 1.8028989115365044, -1.454555624214302, 5.210257656428584, -14.34082508312066, -10.762348490896464, 8.71627085055621, -5.533770588193866, 2.3387509719472335, -4.502748093440231, -0.3159896589016156, -5.258880887943171, -8.270453453973255, -10.586838638437435, 7.548839328300343, -3.1289072433644174, 8.879558521265055, -14.94872990810204, -16.789592013282153, 4.975395025631922, -9.773993805544796, -13.39730769359541, -13.510664187979964, -5.372455326369936, -5.437191849547055, -4.163447959801537, 1.2863728161247707, 11.642039599184452, -5.037955338164768, 8.525495102513142, 0.378360288035274, -4.116048773511068, 11.085434002867316, -8.789728868542452, -6.765354377716453, -15.446147210237799, 4.75041605863031, -3.6179305220052216, 5.704420945977292, 13.106531036658192, -7.3529377271817955, -0.5601261298340219, 1.6762711357727837, -4.500323319410663, 18.275624085876245, -2.039470390883329, 1.18486365526777, 3.9410127686375347, 2.4657556981790885, -4.328935129186275, 10.000850170966984, -19.797054504787617, -9.140361386119384, 7.729543515128189, -0.8382021799785853, 11.112615900901362, 12.165499442523876, 15.680815337543493, 16.461312421838812, -1.4235601586306652, -6.327887785831612, 2.203037325896358, 0.6508642738254857, 3.9403481836638523, 6.931473795623714, 1.0421399917940133, 10.458329572804777, 8.418124830864894, -3.8305226896716897, 5.2122823193838625, 22.310010810687018, -4.106319280209355, 11.551174665973347, -5.40458841443634, 1.785323504425127, 14.402014363003714, -2.6850153792366287, 2.611571874939873, 24.010566523995656, 22.515215845980862, 17.760223396727742, 2.873575023378632, -13.95220886041217, -5.365590206381313, 2.853865592131995, 4.376143536550532, -2.9105777442696796, 7.917249542243523, 0.4086914205685078, -9.061066203357694, -0.23666727315323013, -22.472637183878216, 0.017901137569193926, -25.196912064234752, 6.169624507170978, 4.650487749368271, 2.8953144446009107, 7.568253535070178, -3.3801695595773875, 0.8407865944578956, 2.9895752636755573, -3.4693592310548715, -6.766002806333065, -5.467819117085008, 13.660675225696348, -10.944560466156048, -11.378115576902536, -19.97758456638954, -20.892962455924746, -6.96233923469775, 8.064627758234469, -10.180413701993329, 8.255020866645955, -11.60277069442355, -15.179543674839389, -3.152102050599159, -10.399687419813475, 1.6242750131633936, -14.287696515803962, 5.989319426700925, 15.473802888542851, 14.225250947058319, -8.761874712413979, -2.7139330453370496, -0.2987440728414096, -1.6223925788555933, 0.38809504569782005, 1.3491507476265086, 6.425201201360032, -10.30970024258826, -24.76048854779581, -12.624453134138447, 17.442175573497792, 0.9927968827695979, -1.389453033136959, -4.28169069935965, -10.838021974057876, -18.881739038284696, -11.35657848602392, 4.884121130013408, -0.9036557326377128, -8.9668811252894, -12.445938608759786, 20.450884506113546, 3.095657549830204, -3.2578889999416747, 2.314982724007333, 7.969082878163943, 5.141406949517294, 14.240830044620413, -6.270513736566084, 0.8431302732592157, 11.057870476141314, -2.434223874828695, 5.423439127139307, 6.962134328760658, -11.475786555250025, 0.6201342821753938, 6.940213905508335, -11.792045589564596, 3.9472158272724553, -6.308415535312714, 15.702984473405971, -7.711700233510355, -17.855304089498983, 4.708186578193579, 2.578152902021259, -15.680155895172346, -8.91235427887203, 5.6045047687028156, -19.75799211028902, 16.963912610064245, -5.070604531625727, 0.5627232123446765, -5.325731464621005, -1.6194111609947506, -9.73296024095093, 1.8988270033309234, -4.857342254141155, -0.4336252663537328, 6.507786529802739, -7.629048989991318, -6.251813448977066, -4.433757626895501, 6.560485093797832, 24.41365900069654, 6.776423809934947, -14.92325528114092, -5.44437872292954, -4.070734055809357, 13.523655334377214, 2.7834439156505297, 4.971538373427696, -1.3936299291186722, 15.900887878864411, 8.20330259226041, 4.040740258635089, -6.520832688275991, 3.3743499178432943, 10.443836525504844, 8.23105016217713, -10.25607714952176, -20.439035978847944, 1.985681912707065, -8.861152672842726, 21.80152380319947, 4.472260255788829, 4.527730356238605, 15.686345578622193, -2.5376729553418933, 6.177007800546899, -14.585884392060045, 17.292777923670222, -3.3592370696826555, -6.36312538947085, -10.095870744830338, 6.436079955122533, 5.232913901510451, -2.7334924307943003, -7.797234328004871, 10.151576596666025, 15.446406592426007, -8.044128239128817, -12.370434712551765, -6.286742235212236, -15.930636621957216, -10.686765504268896, -3.7794460967598322, 6.395319932050382, 15.96140300724085, 21.900958360589488, 12.215344333062632, 4.972131196358482, -11.837075827991907, -6.864533273736246, -4.14874588709155, -1.8079107258997862, 20.042099846133485, -0.020252590244151325, 7.3100222523158385, 6.257498310980531, -3.3051654498696106, 11.135874797607087, 4.376751086299378, 0.8698894495090085, -23.620860379995015, -1.7900239305908126, 8.779464299380427, -3.408032488184093, 27.054031387998936, 9.827842237755114, -3.7104069044899513, -9.45742731509847, 0.8548871129701474, 3.529306199846323, 8.032847566253606, 6.9876990730230295, -9.572338498077963, 12.868358977889468, 16.707855579320746, 3.304156642756461, -0.5657000963189684, 9.73189825578852, -0.41005608844748886, 23.426050779061637, 16.6450347228584, -1.5263304162222158, -5.749911131742475, 20.10661491697262, -7.3529414077396895, -10.690920473780663, 8.019004920497851, 14.471897367269301, -7.451332722123889, -10.507105329122325, -9.815493782708643, -18.59493964109826, 18.993651518279208, 7.759487999137049, -5.234419206082602, -2.8248748118984284, -14.787400870561285, 