{"fitness": 134.63, "name": "Nathan 3865BAT", "genes": [-6.237125711772853, 3.291772479656698, 4.285162913459075, -3.957602339736362, 8.630677625267634, 2.0400680496758734, -8.624498864867592, -3.677388996959335, 11.896269815160446, -22.44751918938223, -4.731402360719837, -4.696120588391562, -10.63396021969465, -5.315052896862651, 5.186352706291504, 6.067364529041596, 11.364310703728531, -0.291118577300036, -8.194478730458297, -4.3050323296425805, 15.01406104422953, 7.351907592911631, -10.571228891646788, 10.897949713218171, -8.871829182701282, 5.9708254702988475, 10.734237516708871, 2.120810311532591, 6.60513830214623, -0.47364131922030217, 3.6128150788363698, 11.824384863434844, 9.622511878598178, 9.119060808075922, 5.047158162576689, -5.778081508416806, -17.71801024076894, -0.6197304680754255, 0.6941848555642055, -8.042788534899966, 14.867845089760893, 1.8495014566517174, 1.4055971067784185, -10.552680871602895, -4.658340180365922, -10.930672782974922, 4.402274145856015, -7.2625885247660795, 8.342021474143898, 12.703772269659686, 1.401326572419362, 1.6849014884004339, 4.276759121422781, 6.106417640483066, 5.698327868325011, 16.132751905107277, -6.680587737839054, 7.300545985867431, -1.2920781053499943, 1.7770670848442223, 10.385958074172958, -11.227421907116451, -1.155144436472796, 5.762508442427414, -2.6168042791001795, -6.89402246922049, -0.16179132426303566, 0.8961794087546818, -6.612191521892669, 3.1069344993441046, 10.936087530443062, -1.1595178204465877, -3.97953387173019, -3.6719499402650038, -0.8723146757921657, -10.01920808933141, -11.779953730856503, 2.497880194801065, 11.409646936962412, 7.864925916088079, 0.37698692905929343, -8.433963576098735, 3.598181330216123, -9.212218339324137, -12.380300434921681, 3.3821668581228983, 0.42983886551739053, -4.1429243326643945, -20.560167955191023, 7.085753761599744, 13.733569713257403, 14.589489998710066, 7.712891857408759, -0.5127906792451917, -1.3195407959400014, 2.3588446752816425, -3.718475399259513, -0.16709447608373862, 5.741274622099394, 9.18364064040147, -21.77293787071114, 0.11906649388091495, -8.731023753789884, -2.6261577194329955, -3.220308707372036, 6.254286369241073, -3.464383834565614, 5.2283929806960305, -6.684426519896844, -4.835323583922668, -2.4341331583065324, 1.330809620602369, 0.4763554002167859, -2.389564151302469, -15.398254089546468, -9.36266652000077, -1.1491259861659642, 1.7321577846782261, -0.8726774175484584, 5.350481555903925, -12.866511433630826, -10.134185373800063, 9.39767465710153, -5.409698461589522, 0.6550614584388617, -0.6136108439106521, 2.890614632285093, -5.999687233031679, -4.449976064000447, -13.835918727155567, 7.897468182218591, -1.2954085878605548, 12.336903690636591, -12.700347812452767, -11.540106289011883, 5.994191917875878, -9.684271026042431, -12.733802440190782, -14.548000291203904, -6.422041872514321, -3.794888647741854, -3.5266331708991485, 5.111022580505104, 11.126398138166575, -2.787205305945206, 6.482766507483902, -2.2090909342873855, -1.2589781845413062, 11.584987125179323, -7.515409945429825, -5.27700340441547, -13.205364309265034, 3.586573565474061, -4.944087487462537, 6.290634337234564, 14.7217776267055, -7.981524223630816, -1.5224117823286925, 2.9566571652175733, -1.828352518691206, 21.73973289478323, -1.8371874593319242, 0.8921618695205074, -0.0389696272926745, -1.8173726570346929, -7.104965654719741, 11.946150449237097, -17.88622813373548, -4.616641309093051, 3.709415420922478, 0.6003539731112899, 4.716612280215817, 8.95526175293634, 14.84436340959198, 15.495910275714992, -4.91412358047354, -6.2555954355306795, 1.9128161734916012, -0.28471385114129216, 4.203147557295163, 3.7551441874974523, 5.742821430421674, 13.256894471258455, 7.234033958368218, 0.6459952496518397, 5.097904033810262, 19.271437466834826, -3.3113818499892322, 12.704053303695344, -2.685550848497454, 6.153818751296079, 12.884732538512417, -3.3463356469508425, 7.151788199762561, 15.953329562824448, 19.66754887956714, 15.014607137941502, 4.859299721710815, -11.248944683809718, -4.365975527824114, 2.727797915965315, 5.3109080575033625, -1.7911885657394402, 12.189927432088652, 2.566453263393923, -2.87799584479174, -2.216775158875458, -24.543356047397346, 4.7878571770382585, -22.916133376849054, 10.306295269229604, 4.3153486487324715, 3.953753333602028, 10.792305365591915, -1.704129293932021, -2.298246791185008, 2.22314106881171, -1.633469803393076, 0.017351219577406624, -6.374491039564319, 12.498064382646017, -11.299281272943244, -7.3832200193586, -18.23818046748788, -22.371636175511753, -8.531360541141558, 8.646835868173815, -6.673762067882294, 4.4187879071204605, -4.473343684849381, -12.591760638815549, -2.7206721762781028, -12.877578247742079, -0.2520857556358022, -12.270454245965372, 2.1224517202824864, 13.797734454474247, 14.950879441975804, -5.829249214649055, -5.34121128291886, -1.8471650283908783, -3.5390258584317627, 6.6979515623588, 4.242942225662849, 10.075419439335729, -6.940887897634375, -20.984446918161503, -12.874820461354354, 9.936232983540389, -1.5664327505782816, -0.00935322699266622, -3.269993558414773, -10.376745429142867, -15.574748246636092, -13.156070905693245, -1.2885907097754927, -0.29707278804020476, -4.21565643620733, -11.792134836222244, 18.332084822168987, 2.817175113741061, -5.735893230683376, 4.936080645958869, 4.204922676524868, 4.885129726278689, 10.55064434889917, -7.154218949963272, -0.031182426665617657, 6.800536288292722, -0.6357042451758844, 2.5158709844016687, 7.116885839346558, -8.747805186742694, -1.5965810172360384, 5.88662189240226, -8.421069811332092, 5.256453286420929, -3.941204416220856, 17.206235222582624, -12.338573177915526, -19.477020200912367, -0.45397212091485206, 5.993761002801492, -17.247435977786644, -8.18364596274385, 1.715721882504748, -20.524651809936035, 14.788077789028499, -4.6619134654638446, 4.370182254379966, -6.175084870438576, -0.7079657575432974, -8.721707758338574, -2.2065612669281345, -4.719418894681806, -0.17885714980489748, 2.4209207347953465, -5.747211263390082, -7.140285527313055, -7.411142973014814, 7.739782226919719, 23.197059376200997, 5.051630700383646, -12.382857382073635, -0.8196296520135458, -4.986188458772927, 12.036375395210559, 2.6885656347499682, 8.623172997453324, 2.2530938717698303, 18.490065083223385, 12.353157665799435, 7.0451837022545565, -3.0323764319557056, 1.734980915315855, 11.0491673918613, 9.242520164216936, -8.651488527036747, -23.780842914955123, 2.04946655259847, -11.035842318543978, 23.529107097832977, 4.790892670259747, 2.271364385608328, 16.329554273244394, -6.533980040413054, 9.42432353920574, -13.081396265939293, 18.171991250558698, -4.723306324236293, -7.035494146468524, -7.1635748028161, 3.83915779844964, 7.616180510648192, -4.350288159410443, -6.45662988490088, 5.386956207563815, 14.891423896600513, -9.058019306019714, -5.249066205209768, -4.812833581420086, -15.36047103389298, -10.751425972035502, -5.902057237416919, 3.7643120613439836, 17.874771215439953, 23.058158337621023, 9.377561940656717, 6.865169267283241, -10.28504769866729, -3.053826229537597, -2.6834126588831526, -1.3676522396995088, 21.304688714722257, -1.3449810459545044, 7.112098534949437, 5.637670395898038, -4.906352494164609, 11.238566381427464, 1.7623536447523445, 1.1052062281776167, -22.299258256594236, -4.403548879638881, 5.154219816416371, -1.8234234988556863, 30.641328656625227, 8.030381651472913, -7.102897233222707, -7.66470073134328, 3.7148316331885076, 4.323431648041995, 5.107832303220441, 9.43586088415737, -8.858552674743454, 11.715842932898909, 17.0558098301893, 5.553458104401448, -3.5315162446017636, 9.191320379472346, -2.8834503017712456, 24.445052254166782, 15.848869648424834, -2.051511964256857, -3.186900964859304, 16.245639872158314, -8.658311800020051, -8.2307695403676, 5.9346269420230415, 12.007159670003364, -8.763244223798777, -7.4532856356294, -13.14064372833761, -17.435276191844405, 14.48501430986137, 8.70903766975042, -4.186212890269872, -1.8142251742480684, -14.871195675927533, 